SMILES,Complexity,Ered_ag,syba_score
Cc1c2c(cc3nsnc13)N(C)CCN2CCN(C)C,8,-2.58,16.535818798580742
CCN1CCN(CCOC)c2c1cc1nsnc1c2C,7,-2.58,21.51965690418151
CCNc1c2c(cc3nsnc13)N(C)CCN2C(C)C,6,-2.61,20.72195050212793
CCCN1CCN(CC)c2cc3nsnc3c(NCC)c21,6,-2.63,18.637841528296143
CCCN1CCN(CC)c2cc3nsnc3c(NCC)c21,6,-2.65,18.637841528296143
CCCNc1c2c(cc3nsnc13)N(CC)CCN2C,6,-2.46,22.021271844132094
CCNc1c2c(cc3nsnc13)N(C(C)CC)CCN2C,6,-2.63,18.42271679872876
Cc1c2c(cc3nsnc13)N(C)CCN2CC(C)C,6,-2.58,22.06089743377223
CCCNc1c2c(cc3nsnc13)N(C)CCN2CCC,6,-2.57,28.682314110421164
CC(C)Nc1c2c(cc3nsnc13)N(C(C)C)CCN2C,6,-2.61,22.103881966598454
CCN1CCN(C(C)C)c2cc3nsnc3c(C)c21,6,-2.59,14.243533081749296
CNc1c2c(cc3nsnc13)N(C(C)C)CCN2C,6,-2.63,14.454418471845573
CCC(C)N1CCN(C)c2cc3nsnc3c(NC)c21,6,-2.67,16.374663976175306
CCNc1c2c(cc3nsnc13)N(C(C)C)CCN2C,6,-2.62,18.027224797148342
CCCNc1c2c(cc3nsnc13)N(C)CCN2CC,6,-2.71,26.368009498861227
CCCN1CCN(C)c2cc3nsnc3c(NC)c21,6,-2.59,19.22230476627099
CC(C)CNc1c2c(cc3nsnc13)N(C)CCN2C,6,-2.61,24.05285246556288
CC(C)N1c2cc3nsnc3cc2CC1C,3,-2.56,7.299991964955492
CCCN1CCN(C(C)C)c2cc3nsnc3c(NC)c21,6,-2.5,21.996287012235914
CCN1CCN(CC)c2c1cc1nsnc1c2NC,6,-2.58,14.841533650272295
CC(C)Nc1c2c(cc3nsnc13)N(C)CCN2C(C)C,6,-2.36,24.798607671578054
CCN1CCN(CC(C)C)c2cc3nsnc3c(NC)c21,6,-2.55,23.494270417819326
CCCNc1c2c(cc3nsnc13)N(C)CCN2C(C)C,6,-2.77,29.208298379749593
CCCN1CCN(C(C)C)c2c1cc1nsnc1c2NC,6,-2.66,25.365718712614047
CCN1CCN(C(C)C)c2cc3nsnc3c(NC)c21,6,-2.67,18.86787225566479
CCN1CCN(C)c2cc3nsnc3c(NCCOC)c21,7,-2.5,32.52859308721951
CCCCN1CCN(CC)c2cc3nsnc3c(NC)c21,6,-2.49,23.42647990653288
CCCN1CCN(C(C)C)c2c1cc1nsnc1c2CC,6,-2.47,23.307877821180846
CNc1c2c(cc3nsnc13)N(C)CCC2,5,-2.57,18.745494770923795
CCCN1CCN(C)c2cc3nsnc3c(NCC)c21,6,-2.48,21.010076377810687
CCNc1c2c(cc3nsnc13)N(CC)CCN2C,6,-2.62,13.534923966510432
CCCN1CCN(CC)c2c1cc1nsnc1c2C,6,-2.62,15.16771265934998
CCCNc1c2c(cc3nsnc13)N(C)CCN2C,6,-2.61,21.451254074987567
CCNc1c2c(cc3nsnc13)N(C)CCN2CC,6,-2.64,17.881661621239562
CCN(C)c1c2c(cc3nsnc13)N(C(C)C)CCN2C,7,-2.69,16.366749027824582
CCCCNc1c2c(cc3nsnc13)N(CC)CCN2C,6,-2.67,25.945075062116807
CCc1c2c(cc3nsnc13)N(CC)CCN2C(C)CC,6,-2.63,14.677966233687762
CCc1c2c(cc3nsnc13)N(CC)CCN2CC,6,-2.6,12.783692758839095
CCN1CCN(CC)c2c1cc1nsnc1c2C,6,-2.54,10.2171944763568
CCC(C)N1CCN(CC)c2cc3nsnc3c(NC)c21,6,-2.68,16.73580712512096
CCN1CCN(CC(C)C)c2c1cc1nsnc1c2NC,6,-2.51,24.797167304502867
CCCN1CCN(C)c2c1cc1nsnc1c2NC(C)C,6,-2.66,28.408936570821485
CCN1CCN(C)c2cc3nsnc3c(C)c21,6,-2.61,11.469550835784371
CCCN1CCN(C)c2c1cc1nsnc1c2NC,6,-2.62,18.916164201252556
COCCNc1c2c(cc3nsnc13)N(C)CCN2C,7,-2.69,27.12767211701616
CCc1c2c(cc3nsnc13)N(C)CCN2C(C)C,6,-2.56,16.87633799915504
CCCN1CCN(C(C)CC)c2c1cc1nsnc1c2C,6,-2.68,18.181864624285623
CCCCN1CCN(CC)c2c1cc1nsnc1c2CC,6,-2.69,23.779979699936437
CCCN1CCN(CC)c2c1cc1nsnc1c2CC,6,-2.59,17.734210941832277
CNc1c2c(cc3nsnc13)N(C)CCN2C,6,-2.61,9.392099872063133
CCC(C)N1CCN(C)c2c1cc1nsnc1c2NC,6,-2.74,16.63494518718906
CCCCN1CCN(C(C)C)c2c1cc1nsnc1c2C,6,-2.69,26.787148296802716
CCNc1c2c(cc3nsnc13)N(CC)CCN2CC,6,-2.55,16.629305261811993
CNc1c2c(cc3nsnc13)N(C)CCN2CCOC,7,-2.69,28.032065381281853
CCCCN1CCN(C(C)CC)c2cc3nsnc3cc21,4,-2.8,34.737855241873156
CCCN1CCN(CC)c2c1cc1nsnc1c2C(C)C,6,-2.55,19.66499598520926
CCCc1c2c(cc3nsnc13)N(CC)CCN2C(C)C,6,-2.58,20.62442325406509
CCN1CCN(C)c2c1cc1nsnc1c2NC(C)C,6,-2.87,21.23992472453966
CCCCN1CCN(C)c2cc3nsnc3c(NC)c21,6,-2.63,26.4918633788731
CCOCCN1CCN(C)c2cc3nsnc3c(C)c21,7,-2.44,23.306341815192656
CCN1CN(CCOC)c2c1cc1nsnc1c2C,7,-2.83,12.2843825922119
CCc1c2c(cc3nsnc13)N(C)CCN2C(C)CC,6,-2.59,15.009971707567797
CCNc1cc(N(C)CC)cc2nsnc12,5,-2.62,35.87694386119153
CCCOC1N(CC)c2cc3nsnc3cc2N1CC,6,-2.77,12.678082852364167
CCN1CCN(C)c2cc3nsnc3c(C(C)C)c21,6,-2.62,15.966834161643648
CCC(C)N1CCN(C)c2c1cc1nsnc1c2C,6,-2.55,12.01060601327357
CCCN1CCN(CC)c2cc3nsnc3c(NC)c21,6,-2.66,16.156921293930765
CCCN1CCN(CC)c2c1cc1nsnc1c2NCC,6,-2.68,21.57982344480518
CCCOC1N(C)c2cc3nsnc3cc2N1CC,6,-2.7,8.103680167069419
CCCOC1N(C)c2cc3nsnc3cc2N1C(C)C,6,-2.75,12.782568078475272
CCCN1CCN(C)c2cc3nsnc3c(C)c21,6,-2.65,14.597965592355498
CC(C)Nc1c2c(cc3nsnc13)N(C)CCN2C,6,-2.61,18.884872241632053
CNc1c2c(cc3nsnc13)N(C)CCN2CC(C)C,6,-2.5,26.685236607687724
CCCCN1CCN(CC)c2cc3nsnc3c(CC)c21,6,-2.54,22.061787637925367
CCCN1CCN(C(C)C)c2cc3nsnc3cc21,4,-2.67,28.29659448218859
CCCN1CCN(CC)c2c1cc1nsnc1c2NC,6,-2.73,19.792051833265475
CCOC1N(C)c2cc3nsnc3cc2N1C(C)C,6,-2.74,11.886070640679863
CCOC1N(C)c2cc3nsnc3cc2N1C(C)CC,6,-2.74,12.678506477635063
CCCCN1CCN(C(C)C)c2cc3nsnc3cc21,4,-2.72,34.34236324029275
CCC(C)N1CCN(C)c2cc3nsnc3c(C)c21,6,-2.63,11.057176179434126
CCCCN1CCN(C)c2cc3nsnc3c(C)c21,6,-2.72,21.17437558213192
CCCN1c2cc3nsnc3cc2N(C)C1OC(C)C,6,-2.73,11.328975600589875
CCN1c2cc3nsnc3cc2N(CC)C1OC,6,-2.96,6.342594556709109
CCN1CCN(C)c2c1cc1nsnc1c2NC,6,-2.62,11.747152354970732
CCCc1c2c(cc3nsnc13)N(C)CCN2C(C)CC,6,-2.66,17.703765190706502
CCCCN1CCN(C)c2cc3nsnc3c(CC)c21,6,-2.47,24.4340224874399
Cc1c2c(cc3nsnc13)N(C)CCN2C(C)C,6,-2.7,12.524805002909677
CCN1CCc2c1cc1nsnc1c2C,5,-2.59,10.178729471086804
CNc1c2c(cc3nsnc13)N(CC(C)C)CCN2C,6,-2.64,21.728750689100732
CCNc1c2c(cc3nsnc13)N(C)CCN2CCOC,7,-2.63,30.304002539151238
CCN1CCN(CC)c2c1c(C)c1nsnc1c2NC,8,-2.56,10.61581455499833
CCC(C)Nc1c2c(cc3nsnc13)N(C)CCN2C,6,-2.66,21.58867740319484
CCN1CC(C)c2c1cc1nsnc1c2C,5,-2.66,-0.8129000299754474
Cc1c2c(cc3nsnc13)N(C)C(C)CC2,5,-2.58,0.16011002668462226
CCCN1CCN(C)c2c1cc1nsnc1c2C,6,-2.61,14.291825027337064
CCN1CCN(CC(C)C)c2cc3nsnc3c(C)c21,6,-2.47,18.869931243903828
CCCCN1CCN(C)c2cc3nsnc3c(CCC)c21,6,-2.93,27.006854448393113
CCc1c2c(cc3nsnc13)N(CC)CCO2,4,-2.58,9.692533282417527
CCN1c2cc3nsnc3cc2N(CC(C)C)C1OC,6,-2.89,11.979196748796923
CCC(C)Nc1c2c(cc3nsnc13)N(C)CCN2CC,6,-2.48,27.198581449894185
CCCOC1N(C)c2cc3nsnc3cc2N1CCC,6,-2.73,11.815396447224206
CCC(C)c1c2c(cc3nsnc13)N(CC)CCN2C,6,-2.61,12.31424099136979
CCN1CCN(CC(C)C)c2c1cc1nsnc1c2C,6,-2.66,20.172828130587373
CCCN1CCN(C(C)C)c2cc3nsnc3c(C)c21,6,-2.66,17.371947838320423
CCOC1N(CC)c2cc3nsnc3cc2N1C(C)C,6,-2.71,11.77496998729744
CCOC1N(C)c2cc3nsnc3c(C)c2N1CC,8,-3.01,1.2205865882251485
CNc1c2c(cc3nsnc13)N(C)C(C)C2,5,-2.65,-0.20614293625853897
CCC(C)N1c2cc3nsnc3cc2CC1C,3,-2.53,10.570611138499451
CCCN1CCN(CCC)c2c1cc1nsnc1c2C,6,-2.6,16.7984254268702
CCCN1CCN(CC)c2c1c(C)c1nsnc1c2C,8,-2.49,9.123529579716834
COCCN1CCN(C)c2cc3nsnc3c(C)c21,7,-2.64,23.407726207366366
CNc1c2c(cc3nsnc13)N(C)CCN2C(C)C,6,-2.64,17.14914417682517
COc1c2c(cc3nsnc13)N(CC(C)C)CCN2C,6,-2.6,20.23440142896019
CCN1CCN(C)c2c1cc1nsnc1c2NCCOC,7,-2.89,28.18185543249039
CCN1CCc2c1cc1nsnc1c2NC,5,-2.56,15.362688759759905
Cc1c2c(cc3nsnc13)N(C(C)C)CCO2,4,-2.56,12.136964668477404
CCNc1c2c(cc3nsnc13)N(C)CCO2,4,-2.57,16.64958151777929
CCCN1CCN(CC)c2cc3nsnc3c(N(C)C)c21,7,-2.64,17.213638916663708
CCN1CCOc2c1cc1nsnc1c2C,4,-2.59,7.126036442207219
CCN1CCOc2c1cc1nsnc1c2NC,4,-2.59,11.75037417385073
CCCN1c2cc3nsnc3cc2N(C)C1OC,6,-2.73,6.294018296580327
CC(C)CN1c2cc3nsnc3cc2CC1C,3,-2.57,21.01073374428177
CCN1CCN(C)c2cc3nsnc3c(NC)c21,6,-2.62,16.093890009699862
COc1cc2nsnc2c2c1CCCN2C,5,-2.5,11.191289749666364
CC(C)CN1CCc2cc3nsnc3cc21,3,-2.58,31.69103596076073
CNc1c2c(cc3nsnc13)N(C)CC2C,5,-2.66,-1.9289742586529284
CCC(C)N1CN(C(C)CC)c2cc3nsnc3cc21,4,-2.79,15.176436460947242
Cc1c2c(cc3nsnc13)N(CC(C)C)CN2C(C)C,6,-2.76,12.514896482584582
CCCNc1c2c(cc3nsnc13)N(C(C)C)CCN2C,6,-2.61,26.51357267477
CCN1CCN(CCOC)c2cc3nsnc3c(NC)c21,7,-2.64,28.149873097114217
CNc1c2c(cc3nsnc13)N(C)CC2,5,-2.54,10.673686361079902
CCOc1cc2nsnc2c2c1C(C)CCN2,4,-2.48,-11.108837047828313
CCCOc1cc2nsnc2c2c1CCCN2,4,-2.49,10.937045209803184
CCCCN1CCN(C)c2c1cc1nsnc1c2C,6,-2.63,20.33759378544123
CCN1c2c(cc3nsnc3c2C)N(C)C1OC,8,-2.71,-4.2184042696345045
CCC(C)N1CN(CC)c2c1cc1nsnc1c2C,6,-2.72,6.97568647486086
CCNc1c2c(cc3nsnc13)N(C(C)CC)CN2C,6,-2.82,12.690884534002116
CCN1c2cc3nsnc3c(C)c2N(C)C1OC,8,-2.63,-4.506086342084203
CCN1CN(CC)c2c1c(C)c1nsnc1c2C,8,-2.84,2.6246770904783165
CCN(C)c1cc2nsnc2c2c1OCCN2,4,-2.31,-8.294646675009552
CCOC1N(C)c2cc3nsnc3cc2N1CC(C)C,6,-2.75,16.64413826013912
CCCN1CCN(CC(C)C)c2cc3nsnc3c(C)c21,6,-2.6,21.998346000474953
CCCCN1CN(CCCC)c2cc3nsnc3cc21,4,-2.72,19.73361905780805
COc1cc2nsnc2c2c1CCCN2,4,-2.49,1.0954297460681075
CCCN1CN(CC)c2c1c(C)c1nsnc1c2C,8,-2.7,4.1223790795292246
CCCN1CN(CC)c2c1cc1nsnc1c2C,6,-2.75,3.9067514895552145
CNc1c2c(cc3nsnc13)N(C)CCO2,4,-2.58,11.690477946825146
COc1cc2nsnc2c2c1C(C)CCN2,4,-2.47,-12.830538514936903
COC1N(C)c2cc3nsnc3c(C)c2N1C(C)C,8,-3.05,-2.710848317643097
CCCN1CCN(C)c2c1cc1nsnc1c2N(C)CC,7,-2.53,19.043460043468496
CC(C)Oc1cc(N(C)C)c2nsnc2c1,5,-2.56,39.19710526558448
CCCN1CN(C)c2c1cc1nsnc1c2NCC,6,-2.63,9.162692870445722
CCNc1c(C)c(OCC)cc2nsnc12,6,-2.18,34.900671659282935
CCN1CN(CC)c2cc3nsnc3cc21,4,-2.73,9.741118008136166
CCNc1c2c(cc3nsnc13)N(C)CCN2CC(C)C,6,-2.5,28.95717376555711
CCCN1CN(C(C)C)c2cc3nsnc3c(NC)c21,6,-2.77,15.390823796675786
CCN1CN(C(C)C)c2cc3nsnc3c(NC)c21,6,-2.84,12.773243317537903
CCCN1CCN(CC)c2c1cc1nsnc1c2N(C)C,7,-2.64,20.15562083317273
CNc1c(C)c(OC(C)C)cc2nsnc12,6,-2.49,30.88963500347099
CCCCN1CN(C(C)CC)c2cc3nsnc3cc21,4,-3.07,21.81534361331155
CC(C)OC1N(C)c2cc3nsnc3cc2N1C(C)C,6,-2.74,7.853693498250642
CCC(C)N1CN(CC)c2c1cc1nsnc1c2NC,6,-2.56,11.600025648776349
CCC(C)N1c2cc3nsnc3cc2N(CC)C1OC,6,-2.7,7.128414966392983
COc1cc2nsnc2c2c1OCCCC2,4,-2.24,6.670238789710206
CCCN1CN(CC)c2cc3nsnc3cc21,4,-2.82,10.1402048239854
CCOc1cc2nsnc2cc1OCC,4,-2.32,37.65444683249127
CCOc1cc(N(C)C)c2nsnc2c1,5,-2.63,37.77858517463697
CC1Cc2c(c3c(c4nsnc24)NCCC3)O1,4,-2.49,-18.60202312688798
COc1cc2nsnc2c2c1OC(C)CC2,4,-2.49,-1.1008136470782428
CCCCN1CN(C)c2c1cc1nsnc1c2NCC,6,-2.85,16.02678493267185
CCNc1c2c(cc3nsnc13)N(C)CCN2C(C)CC,6,-2.67,18.162435587715006
CCNc1c(C)c(OC)cc2nsnc12,6,-2.27,32.14066647056986
Cc1cc2nsnc2c2c1C(C)CCN2,4,-2.53,-16.318938784942414
CCC(C)N1CN(C)c2c1cc1nsnc1c2NC,6,-2.65,10.903112922462414
CCOc1cc2nsnc2c(NC)c1C,6,-2.53,31.726602802091865
CCC(C)N1CN(CC)c2cc3nsnc3c(NC)c21,6,-2.47,9.990581967266799
CCN1CN(CC(C)C)c2cc3nsnc3cc21,4,-2.71,16.007854900982785
CCCN1CN(C)c2c1cc1nsnc1c2NC(C)C,6,-2.63,16.867693628474946
CCCCN1c2cc3nsnc3cc2N(CC)C1OC,6,-2.75,13.125288776881927
Cc1cc2nsnc2c2c1CCC(C)N2,4,-2.37,-10.441333296603013
COc1cc2nsnc2c2c1CC(C)CN2,4,-2.56,-13.353978529155421
CCN1CN(C(C)C)c2cc3nsnc3cc21,4,-2.8,13.689208855226914
COc1cc2nsnc2cc1OCC(C)C,4,-2.48,52.166327086453606
CNc1c2c(cc3nsnc13)N(CC(C)C)CN2C,6,-2.61,12.758405789573715
CCOCCN1CCN(C)c2cc3nsnc3c(CC)c21,7,-2.55,25.872840097674946
CCCN1CCN(C(C)C)c2cc3nsnc3c(OC)c21,6,-2.43,19.808789129269694
CCNc1cc(OCC(C)C)cc2nsnc12,4,-2.48,51.750945417898365
CCOC1N(C)c2cc3nsnc3cc2N1CC,6,-2.71,7.207182729274014
CCNc1cc(OCC)cc2nsnc12,4,-2.42,41.49708916140186
CNc1c(N(C)C)c(OC)cc2nsnc12,7,-2.64,29.37437055263431
CCCOc1cc2nsnc2c(NC)c1C,6,-2.49,39.05076430129229
CC(C)CN1CN(C(C)C)c2cc3nsnc3cc21,4,-2.82,20.357793498524316
CCN1c2cc3nsnc3c(C)c2N(CC)C1OC,8,-2.69,-1.7718790774945232
CCc1c2c(cc3nsnc13)N(CC)CN2C(C)C,6,-2.77,9.105958744595158
CCC1Oc2c(cc3nsnc3c2N(C)C)OC1C,7,-2.41,-5.547924109638558
CCCCN1CN(C(C)C)c2cc3nsnc3cc21,4,-2.72,22.988561282073107
CCN1CN(CC(C)C)c2c1cc1nsnc1c2NC,6,-2.61,13.482445681784228
CCc1c2c(cc3nsnc13)N(CC(C)C)CN2CC,6,-2.65,12.340899849034884
CCCCN1CCN(C)c2c1c(C)c1nsnc1c2NC,8,-2.33,17.69625442388647
CCN(CC)c1c2c(cc3nsnc13)OCC(C)O2,5,-2.32,-3.5762254994841562
C1CNc2c(c3c(c4nsnc24)CCO3)C1,4,-2.48,-14.294211757386279
CCN1CCN(C)c2c1c(NC)c1nsnc1c2C,8,-2.58,6.605132431887537
CCCCN1CN(CC)c2c1cc1nsnc1c2C,6,-2.71,10.77084355178134
COC1N(C)c2c(cc3nsnc3c2C)N1C(C)C,8,-2.64,-1.6122331444414237
CCNc1c2c(c(C)c3nsnc13)N(CC)CCN2C,8,-2.57,9.086052666252922
CCCc1c2c(cc3nsnc13)N(CCC)CN2CC,6,-2.81,9.04608173299072
CCN1CN(C)c2c1c(C)c1nsnc1c2NC,8,-2.68,2.240000986957397
CCN1c2cc3nsnc3cc2N(C)C1OC(C)C,6,-2.71,6.803149175423907
CCc1c2c(cc3nsnc13)N(CC)C(OC)N2C,8,-2.71,-1.2464394367762244
CCOc1cc(NCC(C)C)c2nsnc2c1,4,-2.4,50.87420725445302
CCc1c2c(c(NC)c3nsnc13)N(C)CCN2CC,8,-2.49,9.864779337195516
CCCCN1CN(C(C)C)c2c1cc1nsnc1c2C,6,-2.84,16.531961511784747
CNc1c2c(c(C)c3nsnc13)N(C)CCN2C(C)C,8,-2.59,10.432996955457163
CCOC1N(C)c2cc3nsnc3c(NC)c2N1C,8,-2.71,8.690235122384722
COc1cc2nsnc2c(NC(C)C)c1C,6,-2.78,36.67433526918464
CNc1c(C(C)C)c(OC)cc2nsnc12,6,-2.51,30.062409354700538
CNc1c2c(c(C)c3nsnc13)N(C(C)C)CN2C,8,-2.65,6.675340911448485
CC1CCNc2c1c1c(c3nsnc23)CCO1,4,-2.53,-31.189438436383593
CCNc1cc(OC)cc2nsnc12,4,-2.34,41.56449971382913
CCCc1c2c(cc3nsnc13)N(C(C)C)CN2CC,6,-2.71,14.102344532069104
COc1c2c(cc3nsnc13)N(C(C)C)CCN2C,6,-2.59,12.960069211705033
CCC(C)N1CCN(C)c2c1c(NC)c1nsnc1c2C,8,-2.59,9.658516754807302
Cc1c2c(cc3nsnc13)N(C(C)C)CN2C(C)C,6,-2.9,8.859291003155427
CCNc1c2c(cc3nsnc13)OCCC2,4,-2.41,20.76337232064968
CCCc1c(OC)cc2nsnc2c1NC,6,-2.47,34.20445402486957
CNc1c2c(cc3nsnc13)N(C)CN2CC(C)C,6,-2.95,9.762650439543203
CCc1c2c(cc3nsnc13)N(C(C)CC)CN2C,6,-2.85,8.845272031029216
CCc1c2c(c(C)c3nsnc13)N(CC)CN2CC,8,-2.78,4.902346010303651
CCc1c2c(cc3nsnc13)N(CC)CN2CC,6,-2.74,4.464719274678724
CCCNc1c2c(cc3nsnc13)OCCC2,4,-2.4,28.55657157544566
CCC(C)N1CN(CC)c2cc3nsnc3c(C)c21,6,-2.72,5.36624279335131
CCOc1cc(NC(C)C)c2nsnc2c1,4,-2.26,49.24639197447849
COc1cc2nsnc2c2c1CCCCN2,4,-2.43,-2.736648622475403
CCNc1c(CC)c(C)cc2nsnc12,6,-2.36,31.152659447917745
CCC(C)N1CN(C)c2c1c(C)c1nsnc1c2C,8,-2.86,4.7026375424935765
CCOc1cc(NC(C)CC)c2nsnc2c1,4,-2.62,53.953072348778655
CCNc1c2c(cc3nsnc13)OCC(C)C2,4,-2.42,4.1375243971067945
CCCCN1CN(CCC)c2c1cc1nsnc1c2C,6,-2.85,12.14425803671425
CCN1c2c(ccc3nsnc23)CCC1C,3,-2.33,15.085181016293966
CCNc1cc(OC(C)CC)cc2nsnc12,4,-2.5,49.198928539816045
CCCN1CN(CC(C)C)c2cc3nsnc3cc21,4,-2.73,19.136263888428537
Cc1c2c(cc3nsnc13)N(C(C)C)CN2C,6,-2.72,5.666956703545413
CC(C)CN1CN(CC(C)C)c2cc3nsnc3cc21,4,-2.75,18.253011526249615
CNc1c2c(cc3nsnc13)OC(C)CC2,4,-2.44,1.1670270061881776
CNc1c(C)c2c(c3nsnc13)CC(C)O2,6,-2.45,-1.737845818998425
CCc1c2c(c(C)c3nsnc13)N(C(C)C)CN2C,8,-2.63,8.153524131080465
CN1CCN(C)c2c1c1c(c3nsnc23)CCCO1,5,-2.59,-0.28894668590393513
CCN1CN(CC)c2c1cc1nsnc1c2C,6,-2.76,1.8982209921964301
CCCNc1c2c(cc3nsnc13)N(C(C)C)CN2C,6,-2.63,22.35045008038533
CCCN1CN(CCC)c2cc3nsnc3cc21,4,-2.81,12.869526995581923
CCCc1c(C)cc2nsnc2c1NCC,6,-2.41,34.53960155388215
CCN1CN(C(C)C)c2c1cc1nsnc1c2C,6,-2.6,6.539460462112867
CCCOc1cc(NC(C)C)c2nsnc2c1,4,-2.62,54.74940315811891
CCC(C)N1CN(C)c2c1cc1nsnc1c2C,6,-2.81,6.278773748546925
CCCCN1CN(C)c2cc3nsnc3cc21,4,-2.74,15.650061894833833
CCN1c2cc3nsnc3cc2N(C)C1OCC(C)C,6,-2.7,14.931637549994724
CCCN1CN(C(C)CC)c2cc3nsnc3cc21,4,-2.74,15.644400173911112
CCNc1c2c(cc3nsnc13)N(C(C)C)CN2C,6,-2.51,13.864102202763672
CCCN1CN(CCC)c2c1cc1nsnc1c2C,6,-2.8,5.719778602467873
CN1CCCc2c1c1c(c3nsnc23)N(C)CCO1,5,-2.54,-0.7364207220230798
CCOc1c2c(cc3nsnc13)N(C(C)C)CCN2C,6,-2.6,17.192266245088316
CNc1c(N(C)C)c(C)cc2nsnc12,7,-2.37,27.82606117165418
CCN1CN(C)c2c1c(C)c1nsnc1c2C,8,-2.73,-0.34451942699902327
CCCCN1CN(CC(C)C)c2cc3nsnc3cc21,4,-2.78,26.00035595065466
CCN(C)c1cc(OC)cc2nsnc12,5,-2.52,35.540958392438185
CC(C)CN1CN(C)c2cc3nsnc3cc21,4,-2.8,14.169454363275399
CCCN1CN(C(C)C)c2cc3nsnc3cc21,4,-2.83,16.81761784267267
Cc1c2c(cc3nsnc13)N(CC(C)C)CN2C,6,-2.74,8.134066615658227
CCCN1CN(C(C)C)c2c1cc1nsnc1c2C,6,-2.61,9.667869449558617
CCCN1CN(C)c2c1cc1nsnc1c2C,6,-2.73,2.7505820849905334
CNc1c2c(c(C)c3nsnc13)OCCC2,6,-2.47,5.853442963193595
CNc1c2c(cc3nsnc13)OCCC2C,4,-2.42,-0.4608671480392754
CCNc1c2c(cc3nsnc13)OC(C)C2C,4,-2.48,4.307353316102396
CCCN1CN(C(C)CC)c2cc3nsnc3c(C)c21,6,-2.72,10.286415576824423
CC1CNc2c(c3c(c4nsnc24)CCO3)C1,4,-2.42,-27.780875121990725
CCNc1c2c(cc3nsnc13)N(CC)CN2C,6,-2.72,6.03428388299997
CCNc1c2c(cc3nsnc13)N(CC)CN2C(C)C,6,-2.73,12.951571247568054
Cc1c2c(cc3nsnc13)N(C)CN2C(C)C,6,-2.76,1.9780527306892106
CCC(C)OC1N(C)c2cc3nsnc3cc2N1C,6,-2.74,9.247787006903062
CNc1c2c(cc3nsnc13)OCCC2,4,-2.44,15.804268749695533
CCCCN1CN(CC)c2cc3nsnc3c(C)c21,6,-2.92,10.260015043473466
CCNc1c2c(cc3nsnc13)N(CC)CN2CC,6,-2.99,8.310331777651623
CCN1c2cc3nsnc3cc2N(C)C1OC,6,-2.74,2.461340494240049
COc1cc(NC(C)C)c2nsnc2c1,4,-2.62,46.96914769838508
Cc1c2c(cc3nsnc13)N(C)CN2CC(C)C,6,-2.78,5.138311265627708
CCCCN1CN(CCOC)c2cc3nsnc3cc21,5,-2.62,28.303427562978364
CNc1cc2c(c3nsnc13)CCC(C)O2,4,-2.57,-1.9704888160876133
CNc1c2c(cc3nsnc13)N(C(C)C)CN2C,6,-2.64,10.291295877460902
CCCOc1cc(NC)c2nsnc2c1,4,-2.55,41.23676743105882
CNc1c2c(cc3nsnc13)OCC(C)C2,4,-2.44,-0.8215791738473492
CCNc1c(N(C)C)c(C)cc2nsnc12,7,-2.36,32.78516474260833
CCCCN1CN(CCC)c2cc3nsnc3cc21,4,-2.77,18.600857807002615
CCC(C)N1CN(C)c2cc3nsnc3c(C)c21,6,-2.99,2.589869775690721
CNc1c2c(c(C)c3nsnc13)N(C(C)C)CCN2C,8,-2.5,10.432996955457163
CCN1CN(C(C)C)c2c1c(C)c1nsnc1c2C,8,-2.68,6.572767937569065
Cc1c2c(c(C)c3nsnc13)N(C(C)C)CN2C,8,-2.7,4.0908204974920634
Cc1c2c(cc3nsnc13)N(C)C(OC(C)C)N2C,8,-2.66,1.8768276808560589
CCCCOc1cc(NC)c2nsnc2c1,4,-2.48,51.24324275213154
CCN1CN(C)c2c1c(NC)c1nsnc1c2C,8,-2.63,1.5468523641317122
CCNc1c2c(c(OC)c3nsnc13)N(C)CCN2C,8,-2.32,12.905157010256833
CCCOc1cc(NCC)c2nsnc2c1,4,-2.5,47.000100345042284
CCC(C)N1CCN(CC)c2cc3nsnc3c(OC)c21,6,-2.65,15.241457864980422
CCc1c2c(c(C)c3nsnc13)CC(C)O2,6,-2.48,-2.611047952423398
COc1cc2nsnc2c2c1C(C)(C)CN2,4,-2.43,-9.634392897313989
CNc1c(C)c2c(c3nsnc13)C(C)CO2,6,-2.46,-12.045102188272935
CNc1c(C)c2c(c3nsnc13)CCO2,6,-2.45,1.2019458375338845
Cc1c2c(c(C)c3nsnc13)OC(C)C2,6,-2.47,-8.347732346384856
CNc1cc(OC)cc2nsnc12,4,-2.46,32.070213283401635
CNc1c2c(cc3nsnc13)CCC2C,4,-2.22,-0.437748212971905
CC(C)CNc1c2c(cc3nsnc13)C1CCC2C1,2,-2.5,8.998188132215457
CCN1CCN(C)c2c1c(C)c1nsnc1c2NC,8,-2.56,7.298281054713225
CNc1c2c(cc3nsnc13)N(CCOC)CCN2C,7,-2.6,26.78981991877162
CCN1CN(C)c2c1cc1nsnc1c2NC(C)C,6,-2.67,13.739284641029192
CCCN1CCN(CC)c2cc3nsnc3c(OC)c21,6,-2.55,14.66257203379022
CCNc1c2c(c(CC)c3nsnc13)C1CCC2C1,4,-2.32,10.83762846175677
CCNc1c2c(cc3nsnc13)N(C)CN2C(C)C,6,-2.74,10.17519822990747
CNc1cc2c(c3nsnc13)CC(C)CO2,4,-2.43,-3.9590949961231434
CCNc1c2c(cc3nsnc13)OCC2C,4,-2.41,1.3921707301242219
CCCN1CN(C)c2c1cc1nsnc1c2NC,6,-2.58,7.374921258906026
CCCN1CCN(C)c2c1c(C)c1nsnc1c2NC,8,-2.52,10.426695811284349
CNc1c2c(c(C)c3nsnc13)OC(C)C2,6,-2.58,-2.4309944418241116
CNc1c2c(cc3nsnc13)OCCN2C,4,-2.45,6.4978647111101395
CCC1Cc2c(c(C)c3nsnc3c2C)O1,6,-2.43,-2.544538692525923
CCNc1c2c(cc3nsnc13)OC(C)C(C)O2,6,-2.54,2.695012362732505
CNc1cc2c(c3nsnc13)CCCO2,4,-2.48,12.666752927419745
CCCCNc1cc(C)cc2nsnc12,4,-2.38,49.9832370821469
CCNc1cc2c(c3nsnc13)C(C)(C)CO2,4,-2.49,3.879816262110589
CCN1CN(C(C)C)c2c1cc1nsnc1c2NC,6,-2.8,11.163799636028358
Cc1c2c(c(OC(C)C)c3nsnc13)OC(C)CO2,6,-2.32,-8.186193186824543
CCCCN1CN(CC)c2cc3nsnc3cc21,4,-2.74,17.00429688621153
CCCN1CN(CC)c2cc3nsnc3c(NC)c21,6,-2.74,8.713410777988516
CCN1CN(C)c2c1cc1nsnc1c2C,6,-2.74,-0.3778269024552219
CCC1Oc2c(cc3nsnc3c2C)OC1C(C)C,6,-2.52,-10.475796100952449
CCNc1cc2c(c3nsnc13)CCO2,4,-2.44,10.109674616797353
CNc1c2c(cc3nsnc13)OC(C)C2,4,-2.41,-0.31673284241337685
CCN1CN(C)c2cc3nsnc3c(NC)c21,6,-2.76,0.7807547344622412
CCCNc1c2c(c(C)c3nsnc13)C1CCC2C1,4,-2.67,14.560246268214563
CCCCN1CN(C)c2c1cc1nsnc1c2NC,6,-2.76,14.239013321132148
CCNc1c2c(cc3nsnc13)C1CCC2C1,2,-2.45,-2.0897581359815236
CCN1CN(C)c2c1cc1nsnc1c2NCC(C)C,6,-2.76,18.29954432035232
CCN1c2cc3nsnc3c(NC)c2N(C)C1OC,8,-2.63,0.8114014546569737
CCC(C)Nc1cc(OC)cc2nsnc12,4,-2.62,53.4608627864483
CCNc1c2c(cc3nsnc13)N(CC(C)C)CN2C,6,-2.66,15.030342947443103
COCCN1CN(C)c2c1cc1nsnc1c2C,7,-2.69,11.154876149625405
CCCN1CN(CC)c2cc3nsnc3c(C)c21,6,-2.84,4.089071604073027
CCCN1CN(C)c2cc3nsnc3cc21,4,-2.75,8.785969832607705
CCCc1cc(NCC)c2nsnc2c1,4,-2.38,38.952686148754566
CCNc1c2c(c(CC)c3nsnc13)OC(C)CO2,6,-2.54,-3.287758240386516
CCCN1c2c(cc3nsnc3c2C)N(C)C1OC,8,-2.74,0.3074221555314608
CNc1c2c(c(C(C)C)c3nsnc13)N(C)CN2C,8,-2.88,6.973204539026993
CCC1Oc2cc3nsnc3c(C)c2OC1C(C)C,6,-2.43,-9.679513725363455
CCCC1Oc2c(cc3nsnc3c2NC)OC1C,6,-2.57,-5.4852889190273375
CC(C)CNc1c2c(cc3nsnc13)N(C)CN2C,6,-2.48,16.370574734726006
CNc1c2c(c(C)c3nsnc13)OC(C)C(C)O2,8,-2.41,0.7414248648158459
CNc1c2c(c(C)c3nsnc13)CCN2C,7,-2.56,5.070464335372811
Cc1c2c(c(C)c3nsnc13)C(C)(C)CO2,6,-2.44,-7.2112530646202515
CCC1CNc2c1c(OC)cc1nsnc21,4,-2.43,-10.404691696076641
CNc1c2c(cc3nsnc13)N(CCOC)CN2C,7,-2.8,15.779215323540896
CNc1c2c(c(C)c3nsnc13)C1CCC2C1,4,-2.52,1.807943442464449
CCCN1CN(C)c2c1c(C)c1nsnc1c2C,8,-2.74,2.9662096749645404
CCNc1cc2c(c3nsnc13)C(CC)CO2,4,-2.48,4.345243602373737
CNc1c2c(c(C)c3nsnc13)N(C)CCN2C,8,-2.47,6.202360771179114
CCCOc1cc2nsnc2c2c1OCCN2,3,-2.5,-4.1202827623868
CC1Cc2cc3nsnc3c(N(C)C)c2O1,5,-2.4,9.781533279509635
CCOc1cc2nsnc2c2c1OC(C)CO2,4,-2.5,-8.07274513483802
CCNc1c2c(cc3nsnc13)N(C)CC2,5,-2.53,15.632789932034044
CCNc1c2c(c(C)c3nsnc13)OC(CC)CO2,6,-2.48,8.976399435442453
CCC1COc2c1c(C)c1nsnc1c2C,6,-2.41,-7.199283187943008
CCNc1c2c(cc3nsnc13)OC(CC)CO2,5,-2.45,5.9659996953310985
CCC(C)N1CN(C)c2cc3nsnc3c(NC)c21,6,-2.94,7.214208949606212
CCCNc1cc(CC)cc2nsnc12,4,-2.44,42.895503036299914
CCOc1cc(NC)c2nsnc2c1CC,6,-2.47,28.165415369678254
Cc1c2c(c(C)c3nsnc13)C(C)CO2,6,-2.45,-15.03509203715555
CNc1c2c(cc3nsnc13)OCCCC2,4,-2.42,10.584895258855381
CCNc1c2c(cc3nsnc13)N(C)CN2CC(C)C,6,-2.75,11.341438974586902
CCCN(CC(C)C)c1ccc2nsnc2c1,3,-2.52,65.30209159656206
CCc1c2c(c(C)c3nsnc13)OCC2,6,-2.46,0.6006831886888031
CCNc1c2c(c(C)c3nsnc13)OC(C)CO2,6,-2.4,-5.161106457771137
CNc1c2c(cc3nsnc13)OCC2C,4,-2.53,-3.566932840829919
CNc1c2c(c(C)c3nsnc13)N(C)CN2C,8,-2.73,2.475921213167715
CCc1c2c(c(NC)c3nsnc13)N(CC)CN2C,8,-2.52,8.10241113612916
CNc1c2c(cc3nsnc13)C1CCC2C1,2,-2.41,-7.048861706935662
CCNc1c2c(cc3nsnc13)OC(C)C(CC)O2,6,-2.35,-3.836039425556416
C1COc2c3c(c4nsnc4c2C1)NCCO3,3,-2.51,-23.88233665177221
COCCOC1N(C)c2cc3nsnc3cc2N1C,7,-2.99,17.05168821532651
CCC1COc2cc3nsnc3c(NC)c21,4,-2.5,3.105723756317441
CNc1c2c(cc3nsnc13)N(C)CN2CCOC,7,-2.55,12.49577790106068
CCC1Cc2c(cc(NC)c3nsnc23)O1,4,-2.41,6.935193765118077
CCCNc1c2c(cc3nsnc13)OC(C)CO2,4,-2.39,-1.0445371404819783
CC1Cc2c(cc3nsnc3c2C(C)C)O1,4,-2.46,-0.44378869046959024
CCc1c2c(c(C)c3nsnc13)CCO2,6,-2.45,2.931446370005295
CCNc1c2c(cc3nsnc13)OC(C)CO2,4,-2.6,-8.837736395277949
CCCN1CN(C)c2c1c(C)c1nsnc1c2NC,8,-2.69,5.550730088920966
CCCNc1c2c(cc3nsnc13)N(C)CN2C,6,-2.6,13.075827721325002
CCC1Oc2cc3nsnc3c(NC)c2OC1C,6,-2.41,-7.1682192649292436
Cc1c2c(c(C)c3nsnc13)OCC2,6,-2.46,-4.021642001929191
CCCCN1CN(CCC)c2cc3nsnc3c(C)c21,6,-2.97,11.451109413888561
CCCOc1cc(N(C)C)c2nsnc2c1,5,-2.49,43.281596358277405
CCN1CN(C)c2c1cc1nsnc1c2NC,6,-2.71,4.2465122714602686
CCCCc1cc(NCC)c2nsnc2c1,4,-2.37,46.855005687506214
COc1cc2nsnc2c2c1OCCN2,3,-2.48,-11.86642601349616
CC(C)Oc1c2c(cc3nsnc13)OCC(C)O2,5,-2.33,-4.788190089150505
CCCN1CN(C)c2c1c(NC)c1nsnc1c2C,8,-2.63,4.857581466095278
CNc1c2c(cc3nsnc13)OC(C)C(C)O2,6,-2.36,-2.2640912082216365
CCNc1c2c(cc3nsnc13)OC(C)C2,4,-2.66,4.642370728540765
CCN1c2cc3nsnc3c(OC)c2N(C)C1OC,8,-2.6,-1.819426557370359
CNc1c2c(c(C)c3nsnc13)OC(C(C)C)CO2,6,-2.4,6.286623327612203
Cc1c2c(cc3nsnc13)OC(C)C2C,4,-2.26,-5.6815574214214415
CCNc1c2c(cc3nsnc13)OC(C(C)C)CO2,5,-2.43,11.749551015435339
CCOc1cc2nsnc2c2c1OCCN2,3,-2.52,-13.795903174089165
CCCCN1CN(CC)c2cc3nsnc3c(NC)c21,6,-2.77,14.884354217388958
CCNc1c2c(cc3nsnc13)OCC(C(C)C)O2,4,-2.42,15.137512170772194
CCCCN1CN(CC)c2c1cc1nsnc1c2NC,6,-2.71,15.395182725696833
CCNc1c2c(c(C)c3nsnc13)OCC(C)O2,6,-2.47,-7.869165312482362
CCCNc1c2c(cc3nsnc13)OCC(CC)O2,5,-2.49,19.562768789242604
CCC1Oc2c(cc3nsnc3c2C)OC1C,6,-2.26,-11.922133855947346
Cc1c2c(cc3nsnc13)OC(C)C2,4,-2.41,-7.292458811664044
CCCCNc1c2c(cc3nsnc13)N(C)CN2CC,6,-2.74,14.978677441608314
CNc1cc2c(c3nsnc13)CCCCO2,4,-2.53,7.447379436579588
CCCNc1c2c(cc3nsnc13)N(CCC)CN2C,6,-2.71,16.834930603056197
CCC1Cc2c(cc3nsnc3c2C)O1,4,-2.41,2.4038349953175118
CCCNc1c2c(cc3nsnc13)OCC(C)O2,4,-2.53,4.444419220162245
CCNc1c2c(c(C)c3nsnc13)OCC2,6,-2.46,5.467900785662341
CCOc1cc2nsnc2c(NC)c1OC,6,-2.34,35.66126488958119
CCCN1CN(CC)c2c1cc1nsnc1c2NC,6,-2.69,8.531090663470705
CCN1CN(CC(C)C)c2cc3nsnc3c(NC)c21,6,-2.76,14.398740740468085
CNc1c2c(cc3nsnc13)OC(C(C)C)CO2,5,-2.43,6.790447444481198
COc1c2c(cc3nsnc13)N(C)CCN2C(C)C,6,-2.7,15.654794916684631
CCC(C)Nc1c2c(cc3nsnc13)N(CC)CN2C,6,-2.61,15.351203711654595
CCCNc1c2c(cc3nsnc13)C1CCC2C1,2,-2.27,5.703441118814454
CNc1c2c(cc3nsnc13)N(C)CN2C,6,-2.58,1.0166735184005735
CCCNc1c2c(c(CC)c3nsnc13)OCCO2,4,-2.42,26.14817885190888
CCC1Oc2cc3nsnc3c(C)c2OC1CC,6,-2.52,-9.232720417325929
CCCN1CN(CCOC)c2cc3nsnc3cc21,5,-2.83,21.439335500752232
CCc1c2c(c(NC)c3nsnc13)OCC(C)O2,6,-2.41,-6.461827097577594
CC1(C)CNc2c1c1c(c3nsnc23)CCO1,4,-2.41,-27.847244464043985
CCc1c2c(c(NC)c3nsnc13)OC(C)CO2,6,-2.54,-8.764420844184807
CCc1c(OC)cc(NC)c2nsnc12,6,-2.46,29.15894210149478
CNc1c2c(c(C)c3nsnc13)OC(C)CO2,6,-2.41,-10.12021002872528
CCCCNc1cc(OC)cc2nsnc12,4,-2.52,55.25824169529757
CCC1Cc2cc3nsnc3c(C)c2O1,4,-2.36,3.2034450730326327
CNc1cc2c(c3nsnc13)C(C)(C)CO2,4,-2.46,-2.9754027428102474
CC(C)Nc1c2c(cc3nsnc13)N(C)CN2C,6,-2.83,10.5094458879695
CCCNc1c2c(cc3nsnc13)N(CC)CN2C,6,-2.8,14.520631760621631
CCC1COc2c(c(OC)cc3nsnc23)O1,4,-2.49,9.086124009905959
CCCC1Oc2cc3nsnc3c(NC)c2OC1C,6,-2.42,-5.643399901209091
CCC(C)N1CN(CC)c2cc3nsnc3c(OC)c21,6,-2.58,8.49623270712626
CCCOc1cc(NC)c2nsnc2c1C,6,-2.45,38.08534310670758
CCNc1c2c(c(CC)c3nsnc13)OCCO2,5,-2.63,19.048128219938594
CCCCC1COc2c(cc3nsnc3c2NC)O1,4,-2.4,13.537276230221073
CNc1cc2c(c3nsnc13)C(C)CO2,4,-2.45,-7.397597285931395
CCCC1COc2c(c(NC)c3nsnc3c2C)O1,6,-2.5,8.968397903191166
COc1cc2nsnc2c2c1OC(C)CO2,4,-2.36,-6.836416597070706
CCc1c2c(cc3nsnc13)OCC(C(C)C)O2,4,-2.33,9.617918907426233
CCC1COc2c(c(NC)c3nsnc3c2C)O1,6,-2.48,3.0942717235401584
CCCCNc1c2c(c(C)c3nsnc13)OCCO2,4,-2.49,28.891783917606638
COCCNc1c2c(cc3nsnc13)N(C)CN2C,7,-2.74,18.7522457633536
CCCC1COc2c(cc3nsnc3c2NC)O1,4,-2.43,8.666058460063015
CNc1c2c(cc3nsnc13)OCC(C(C)C)O2,5,-2.45,10.178408599818054
CCCC1COc2cc3nsnc3c(NC)c2O1,4,-2.4,16.954553698629205
CCCCNc1c2c(cc3nsnc13)OC(C)CO2,4,-2.56,2.879266077502735
CC(C)C1Oc2cc3nsnc3cc2OC1C(C)C,4,-2.42,7.532442884791065
CCOc1c(OC)cc2nsnc2c1NC,6,-2.44,33.506567609735384
CNc1c2c(c(C)c3nsnc13)OCC(C)O2,6,-2.41,-12.828268883436504
CCCC1COc2cc3nsnc3c(NCC)c2O1,5,-2.67,20.128622555820275
CC(C)CNc1c2c(cc3nsnc13)OCCO2,3,-2.44,37.2897557973645
CNc1c2c(cc3nsnc13)OCC2OC,5,-2.39,-4.177346512445014
CCC(C)C1COc2c(cc3nsnc3c2NC)O1,4,-2.46,2.9473641321722215
CCCNc1c2c(cc3nsnc13)OCCO2,2,-2.41,33.995008783963506
CCCCC1COc2cc3nsnc3c(NCC)c2O1,4,-2.58,24.30669170315264
CNc1c2c(cc3nsnc13)OCC(CCOC)O2,5,-2.45,18.79600201117852
CCNc1c2c(c(C)c3nsnc13)N(C)CN2C,8,-2.81,6.048727538470484
CNc1c2c(cc3nsnc13)OCC(CC(C)C)O2,4,-2.35,17.030555531497722
CCC1Oc2cc3nsnc3c(NC)c2OC1CC,6,-2.46,-4.320694844126069
CCc1c2c(c(NC)c3nsnc13)CCO2,6,-2.59,6.3644162613762845
CCC1COc2cc3nsnc3c(NC)c2O1,4,-2.44,8.595500677255554
CCC1COc2c(c(C)c3nsnc3c2NC)O1,6,-2.47,5.802330578251378
CCCNc1c2c(c(C)c3nsnc13)OCCO2,4,-2.46,24.967980699621933
Cc1c2c(cc3nsnc13)OCC2(C)C,4,-2.38,-3.0759274065265916
CC(C)c1c2c(cc3nsnc13)OCC2C,4,-2.33,-3.693988688886133
CCCC1Oc2cc3nsnc3c(C)c2OC1CC,6,-2.29,-12.60612424262569
CCC1COc2cc(NC)c3nsnc3c21,4,-2.46,-0.7249406887840342
CCNc1c2c(cc3nsnc13)OCCO2,3,-2.58,26.201809529167534
CC(C)c1c2c(cc3nsnc13)OCC2,4,-2.43,6.264915586096096
CC(C)Oc1cc2nsnc2c2c1OCCN2,3,-2.39,-7.9875653926068715
CCN1CCN(C)c2c1c(NC)c1nsnc1c2OC,8,-2.44,9.73512234566249
CCCNc1c2c(c(C)c3nsnc13)N(C)CN2C,8,-2.58,14.535075416092141
CCN1CN(CC(C)C)c2cc3nsnc3c(OC)c21,6,-2.75,12.904391480327543
CNc1c2c(cc3nsnc13)OCC(C)O2,4,-2.42,-8.307883605587866
CCNc1c(N(C)CC)ccc2nsnc12,5,-2.14,46.744268506981484
CNc1c2c(cc3nsnc13)OC(C)CO2,4,-2.48,-13.79683996623209
CCN1CN(CC)c2c1cc1nsnc1c2NC,6,-2.64,6.522560166111923
CNc1c2c(c(C)c3nsnc13)OCC2,6,-2.5,0.5087972147081976
CCCNc1c2c(cc3nsnc13)OCC2,4,-2.64,19.14427425990243
CCNc1c(N(C)C)ccc2nsnc12,5,-2.29,48.35615577650985
CCN1CN(CCN(C)C)c2cc3nsnc3cc21,6,-2.79,12.156757026164348
CCC(C)C1COc2cc3nsnc3c(NC)c2O1,4,-2.46,5.642176664683391
CCCOc1c2c(c(CCC)c3nsnc13)C1CCC2C1,4,-2.47,16.844289753086912
CCC1COc2c(cc3nsnc3c2NC)O1,5,-2.42,2.7919308381400256
c1cc2nsnc2c2c1CCCN2,2,-2.37,6.8498986028283095
CCNc1c2c(c(NC(C)CC)c3nsnc13)C1CCC2C1,4,-2.22,15.742560584016129
CCNc1c2c(c(OC(C)C)c3nsnc13)C1CCC2CC1,4,-2.26,21.07754360531104
CCN(c1c2c(cc3nsnc13)C1CCC2C1)C(C)C,3,-2.49,1.9354344492885365
CCC(C)OCCc1c2c(cc3nsnc13)C1CCC2CC1,3,-2.3,14.445272268580915
CC(C)c1c2c(cc3nsnc13)N(C)CCN2C,6,-2.56,9.265044024006919
CNc1cc(OC)c(C)c2nsnc12,6,-2.46,26.216141705031013
CCN(C)c1c(OC)cc2nsnc2c1C,7,-2.21,27.685091622713934
Cc1c2c(c(NC(C)C)c3nsnc13)OCCO2,5,-2.7,22.401598866266422
CC1Cc2c(OC(C)C)cc3nsnc3c2N1,4,-2.42,-3.3598574140667816
COc1c2c(c(C)c3nsnc13)CCC2,6,-2.35,15.511597070158444
COCCOCCc1c2c(cc3nsnc13)C1CCC2CC1,4,-2.44,24.851451412740296
Cc1c2c(cc3nsnc13)OC(C(C)C)CO2,4,-2.35,1.3551722852406423
CCc1cc2nsnc2c2c1CCC([O-])=[NH+]2,4,-2.14,9.896410265347628
CCCN1CCCc2cc3nsnc3cc21,3,-2.55,39.65883798760587
CN1CCc2c(ccc3nsnc23)C1,4,-2.52,17.916719551894086
CCc1c2c(c(CCN(C)CC)c3nsnc13)C1CCC2C1,6,-2.49,6.76010497701743
CCc1ccc(NC(C)C)c2nsnc12,4,-2.39,40.25905476965996
CCCc1c2c(c(OC)c3nsnc13)OCCO2,4,-2.41,19.389829869179724
Cc1cc2c(c3nsnc13)OCCN2C,4,-2.41,12.316159159806004
CCN1CN(C)c2c1c(OC)c1nsnc1c2OC,8,-2.6,2.785470486775926
Cc1cc2nsnc2c2c1C(N(C)C)CO2,6,-2.25,-3.002676007526884
C1COc2c3c(c4nsnc4c2N1)CCO3,3,-2.46,-30.613281088180955
CCN1CN(C)c2c1c(NC)c1nsnc1c2OC,8,-2.76,4.676842277906662
Cc1cc(CC(C)C)c(C)c2nsnc12,6,-2.33,30.76852911859657
CCN1CCN(CC)c2c1cc1nsnc1c2/[NH+]=C(\C)[O-],6,-2.44,5.236261638178444
COc1cc2c(c3nsnc13)OC(C)CO2,4,-2.34,-8.100496095245681
CCCc1c2c(c(C(C)CC)c3nsnc13)C1CCC2C1,4,-2.47,12.9891902240566
CCCc1cc2nsnc2c(C)c1CC,6,-2.34,22.427924494140534
CCCCc1c2c(c(CCOC)c3nsnc13)C1CCC2C1,5,-2.51,23.469012699312493
CCOc1c2c(cc3nsnc13)OCC(C)O2,4,-2.29,-6.550872296727157
CCCN1CN(C)c2cc3nsnc3c(CC(C)C)c21,6,-2.68,10.572617107688162
CCCc1c2c(c(CC)c3nsnc13)C1CCC2C1,4,-2.56,9.294496316048033
CC/C([O-])=[NH+]\c1c2c(c(OC)c3nsnc13)OCCO2,4,-2.16,10.437394657883056
CN1CCOCc2c1ccc1nsnc21,4,-2.37,5.768619800330354
COc1cc(C)c2nsnc2c1NC(C)C,6,-2.61,38.02960381033958
CCCc1c(OC)cc(C)c2nsnc12,6,-2.34,34.474657032368576
COc1cc2c(c3nsnc13)OCCO2,3,-2.33,19.658331114800195
CCC(C)c1cc(C)c(OC)c2nsnc12,6,-2.32,31.576742463571033
CCOc1ccc2nsnc2c1NC,4,-2.34,46.88497727454231
CN(C)CCN(C)c1cccc2nsnc12,5,-2.4,47.26253312541519
COc1c(C)cc2nsnc2c1/[NH+]=C(\C)[O-],6,-2.11,18.412582448814312
COc1cc2c(c3nsnc13)OCC2OC,5,-2.09,-7.64395561549647
COc1c2c(c(C)c3nsnc13)CCO2,6,-2.38,-0.4301845101971318
CCc1c2c(c(CC)c3nsnc13)C1CCC2CC1,4,-2.46,10.370027143420502
CN1CC(C)(C)c2c1ccc1nsnc21,3,-2.36,7.627693277141855
CCOc1c2c(cc3nsnc13)N(C)CN2C(C)C,6,-2.7,9.340239677847443
COc1cc2c(c3nsnc13)[N+](C)=C([O-])C2,5,-2.2,13.919926667518315
CCCc1c2c(c(OC)c3nsnc13)N(C)CN2C,8,-2.67,10.47103645253904
CCOC1N(C)c2cc3nsnc3cc2N1C,6,-2.88,11.892686067951184
CCOc1c2c(c(OC)c3nsnc13)N(C)CCN2C,8,-2.54,12.823038623086603
CCCCc1c2c(cc3nsnc13)N(C)CCN2C,6,-2.57,18.856460037482638
CCCOc1c2c(cc3nsnc13)N(C)CCN2C,6,-2.49,20.208453722389372
CNc1cc(CCOC)cc2nsnc12,5,-2.36,43.12174569953418
CCCc1c(C)cc(C)c2nsnc12,6,-2.28,28.84113194889507
CC1CCc2c(c3c(c4nsnc24)NCC3)O1,4,-2.46,-26.49303113451174
CCCCNc1c2c(cc3nsnc13)N(C)CCN2C,6,-2.62,25.375057292972272
CCCC1Oc2ccc3nsnc3c2OC1C,3,-2.24,1.9829476145346292
CCOc1c2c(c(NC)c3nsnc13)N(C)CN2C,8,-2.58,9.838108160325948
CC(C)Cc1cc2c(c3nsnc13)CCCO2,4,-2.36,22.167942029061802
CNc1c2c(c(CCOC)c3nsnc13)OCCO2,6,-2.43,24.880682952009927
CC1COc2c(cc3nsnc3c2N(C)C)O1,6,-2.39,-12.740120901227163
CCc1cc2c(c3nsnc13)OCC(CC)O2,4,-2.29,0.5553941571310559
CCCCc1ccc(C(C)C)c2nsnc12,4,-2.34,42.41639722160785
CCCOc1c2c(cc3nsnc13)OC(C)C2,4,-2.34,7.934654343125134
CCCN1CCN(C)c2c1c(C)c1nsnc1c2CC,8,-2.59,10.119844317153266
CCOc1cc2nsnc2c2c1CCC2,4,-2.4,25.446256561344217
CCc1c(OC)cc(N(C)C)c2nsnc12,7,-2.52,32.1158473683031
CCc1cc2c(c3nsnc13)NCCO2,3,-2.39,-12.833663591816578
CCC1COc2c1cc1nsnc1c2C,4,-2.33,-11.772921280069745
CCOc1c2c(c(NC)c3nsnc13)OCC(C)O2,6,-2.4,-5.060616828174266
CCC(C)N1CCN(C(C)C)c2cc3nsnc3c(C)c21,6,-2.52,15.690695763718722
c1cc2nsnc2c2c1OCCN2,1,-2.33,-7.620706728464711
CCCCN1CN(C)c2c1cc1nsnc1c2CCC,6,-2.74,14.754004390652165
CCc1c2c(c(C)c3nsnc13)CC(C)C2,6,-2.44,6.921271350090605
CCOCCN1CCN(C)c2cc3nsnc3c(OC)c21,7,-2.5,25.875011535022914
Cc1c2c(cc3nsnc13)N(C)CCC2,5,-2.53,14.254684105076377
CCC1Cc2c(C)cc3nsnc3c2[NH+]=C1[O-],4,-2.18,-0.47597349573663505
COc1cc2c(c3nsnc13)NCC(C)C2,4,-2.39,-13.115342858140744
CC(C)COCCC1COc2cc3nsnc3cc2O1,3,-2.2,35.76847294394224
Cc1cc2nsnc2c2c1OC(C(C)C)CO2,4,-2.36,5.893195196991474
CCCc1ccc(/[NH+]=C(\C)[O-])c2nsnc12,4,-2.13,22.18855352641349
CCOc1c2c(cc3nsnc13)OCC(CC)O2,4,-2.35,8.567477272353194
CC/C([O-])=[N+](/C)c1cccc2nsnc12,3,-1.98,38.385581549182625
CCc1c(N(C)C)ccc2nsnc12,5,-2.39,36.20845046488339
Cc1cc2nsnc2c(OC(C)C)c1C,6,-2.31,29.693454844971107
CCC1COc2cc3nsnc3c(NC(C)C)c2O1,4,-2.58,18.088273046824483
Cc1cc(C(C)C)c2nsnc2c1C,6,-2.35,27.463203914885977
Cc1c2c(c3nsnc3c1C)OCCC2,6,-2.42,3.0347017580902715
COCCNc1c2c(cc3nsnc13)OC(C)CO2,5,-2.4,4.631880901546624
CCC(C)N1CCN(C)c2cc3nsnc3cc21,4,-2.62,26.549914378341825
COCCc1c2c(c(C)c3nsnc13)C1CCC2CC1,5,-2.45,17.583738204170068
CCNc1ccc(CCOC)c2nsnc12,5,-2.47,39.29493514222061
C/C([O-])=[NH+]\c1c2c(cc3nsnc13)N(C)CCN2C(C)C,6,-2.44,8.23702078755701
CCCCc1ccc2nsnc2c1C,4,-2.32,40.82906747844115
COc1c2c(cc3nsnc13)OCC(C)O2,4,-2.35,-10.783069330110445
CCc1ccc(NC(C)CC)c2nsnc12,4,-2.39,44.965735143960124
CCCOc1c2c(c(C)c3nsnc13)OCC(C)O2,6,-2.36,-4.435335982105428
CCCCN(CC)c1c2c(cc3nsnc13)C1CCC2C1,3,-2.45,9.402910562421528
COc1c2c(cc3nsnc13)C1CCC2C1,2,-2.36,-7.850062344250519
CCOCCNc1c2c(c(C)c3nsnc13)C1CCC2C1,5,-2.56,20.76632671637806
CCCCNc1cc2c(c3nsnc13)CCC2,4,-2.42,34.80267202447292
C/C([O-])=[N+]1/CCC(C)c2ccc3nsnc3c21,3,-2.09,13.0799528267065
CCCc1c(C(C)C)ccc2nsnc12,4,-2.24,41.24839957876668
CCN1CCN(CCOC)c2cc3nsnc3cc21,5,-2.66,32.20134727338355
CCCc1c2c(cc3nsnc13)N(C)CN2C,6,-2.72,4.823958069520527
CCOc1cc(OC)c2nsnc2c1CC,6,-2.37,28.43239670591212
CCOc1c2c(cc3nsnc13)OC(C)CO2,4,-2.29,-9.26715772089178
C/C([O-])=[NH+]\c1cc2c(c3nsnc13)CC(C)O2,4,-2.14,-10.342879029874155
CNc1c2c(c(NCCOC)c3nsnc13)C1CCC2CC1,5,-2.47,23.77786391363228
CCN(C)CCOc1c2c(cc3nsnc13)C1CCC2CC1,4,-2.25,9.424799237108676
CN(C)c1c2c(cc3nsnc13)N(C)CC2,6,-2.55,11.730403983812845
COc1ccc(N(C)C)c2nsnc12,5,-2.42,32.96315560218957
CC/C([O-])=[NH+]\c1cc(OC)cc2nsnc12,4,-2.15,22.806062448546417
CCN(c1c2c(c(C)c3nsnc13)C1CCC2CC1)C(C)C,5,-2.51,17.141068325976306
Cc1cc2c(c3nsnc13)CC(C)C2,4,-2.29,7.599393303328416
CCCc1c2c(cc3nsnc13)C1CCC2C1,2,-2.43,-3.2415771558157114
CCOc1ccc2nsnc2c1/[NH+]=C(\C)[O-],4,-2.14,31.21121332892556
CC(C)C/C([O-])=[NH+]\c1c2c(cc3nsnc13)C1CCC2CC1,2,-2.2,2.3140959704642694
COc1c(C)c(CC(C)C)cc2nsnc12,6,-2.27,25.9280345056358
CNc1ccc(/[N+](C)=C(\C)[O-])c2nsnc12,5,-2.21,22.631562843076804
Cc1c2c(c3nsnc3c1C)C(C)C(C)O2,6,-2.35,-10.751573463860849
CCN(C)c1cccc2nsnc12,3,-2.19,45.76630697573875
CCOc1c(C)cc(OC)c2nsnc12,6,-2.45,30.34983328888035
CC(C)COc1cc2nsnc2c2c1OCC2,4,-2.48,16.460982995560105
CC1Cc2c3c(c4nsnc4c2C1)CCC3,4,-2.37,2.7580963155966622
CCNc1cc2c(c3nsnc13)CCC2C,4,-2.42,1.1933777034784734
COc1c(C)c(N(C)C)cc2nsnc12,7,-2.32,24.8589120331844
CCOc1c(C)c(OC)c(C)c2nsnc12,8,-2.29,18.82673313056642
CCc1c(OC)c(OC)c2nsnc2c1C,8,-2.28,20.973124475842166
CCCOc1c(CC)ccc2nsnc12,4,-2.22,42.680178178183496
CCc1c2c(c3nsnc3c1C)CC(C)C2,6,-2.36,6.669956921818019
Cc1cc2c(c3nsnc13)CCO2,4,-2.31,4.885484530028204
CCCc1cc2nsnc2c2c1CCCO2,4,-2.38,13.509965513245236
CCNc1c2c(c(NC)c3nsnc13)N(C)CCN2C,8,-2.52,6.521295581203876
CCN(C)c1cc2c(c3nsnc13)NCC2,5,-2.4,1.166197842251067
Cc1ccc2nsnc2c1N(C)CC(C)C,5,-2.27,45.42434244701393
COc1c2c(cc3nsnc13)N(C)CC2C,5,-2.49,-3.4233235187934685
CCCCN1CCCc2cc3nsnc3cc21,3,-2.34,46.39775536853573
CCC1COc2c(cc(C)c3nsnc23)O1,4,-2.38,1.9785939991135826
CNc1c2c(c(OC)c3nsnc13)CCO2,6,-2.4,5.142873178905877
CCc1c2c(cc3nsnc13)OCCN2CC,4,-2.44,11.901065665014878
CCOc1c(CC)c(C)cc2nsnc12,6,-2.28,28.931403650206345
CC(C)CN(C)c1ccc2nsnc2c1,3,-2.45,56.760319174331954
CCc1c(OC)c(OC)c(C)c2nsnc12,8,-2.33,17.353224912788146
CCCOc1c(OC)cc(C)c2nsnc12,6,-2.27,39.98345865235585
CCc1c2c(c(NC(C)C)c3nsnc13)C1CCC2CC1,4,-2.61,22.447319926945852
CC(C)C1Oc2ccc3nsnc3c2OC1C,3,-2.37,7.2544284602014475
CCC1COc2c(C)cc3nsnc3c21,4,-2.37,-5.98902448442666
Cc1cc2nsnc2c2c1CCO2,4,-2.28,3.397810068711843
CCC(C)N1CCOc2cc3nsnc3cc21,2,-2.49,22.809380220401348
CCc1cc(NC)c2nsnc2c1C,6,-2.43,17.7396168629243
CCC(C)N1CN(CC)c2c1cc1nsnc1c2OC,6,-2.75,10.105676388635803
Cc1cc2nsnc2c2c1CC(C)CO2,4,-2.41,-7.79664058844833
CCC(C)N(C)c1cccc2nsnc12,3,-2.28,52.13980165163273
CCOc1ccc2nsnc2c1CCOC,5,-2.27,54.09515203694656
CCCOc1c2c(cc3nsnc13)CCCO2,4,-2.27,13.802338211684248
CCc1cc(OC(C)CC)cc2nsnc12,4,-2.39,44.141212518076735
CCC(C)N(C)c1c2c(cc3nsnc13)N(C)CCN2C,7,-2.52,17.07747289850475
CCOc1cc(N(C)CC)c2nsnc2c1,5,-2.53,37.41946664269188
CC/C([O-])=[N+](\c1cccc2nsnc12)C(C)C,3,-2.02,42.25254526168024
CCCc1c2c(cc3nsnc13)OC(C)CO2,4,-2.37,-11.375852660763512
CCCNc1cc2c(c3nsnc13)OC(C)C2,4,-2.34,20.735384842788942
CNc1c(C(C)C)cc(OC)c2nsnc12,6,-2.27,29.727136745707107
CCCOc1ccc(CC)c2nsnc12,4,-2.31,44.446376797288885
CCC1Cc2c(cc3nsnc3c2OC)O1,4,-2.34,7.885211704427639
CCCOc1cc2nsnc2c(OC)c1C,6,-2.29,38.82770659910382
COCCc1cc2nsnc2c2c1CCC2,5,-2.28,23.317488174800104
CCCc1c2c(c(CC)c3nsnc13)C1CCC2CC1,4,-2.52,14.585484268859265
CCCN(C)c1c2c(cc3nsnc13)C1CCC2C1,3,-2.39,-0.16622945400575337
CC/C([O-])=[NH+]\c1c2c(cc3nsnc13)N(CC)CCN2C,6,-2.36,2.33205311990591
CCN(C)c1c2c(c(OC)c3nsnc13)C1CCC2CC1,5,-2.4,13.786880746678088
CCCCc1c2c(cc3nsnc13)N(C(C)C)CCN2C,6,-2.65,23.918778637265078
CCC/[N+](=C(/C)[O-])c1c2c(cc3nsnc13)C1CCC2CC1,3,-2.06,-0.5208989782807851
CCCCOc1c(CC)ccc2nsnc12,4,-2.22,48.785009395158625
CCN(C)c1cc(C)c2nsnc2c1,5,-2.47,32.166464721268476
CCCNc1ccc(OC)c2nsnc12,4,-2.46,48.16163599929049
CC(C)c1cc2c(c3nsnc13)N(C)CCO2,4,-2.45,9.69631943820825
CNc1cc(C(C)C)c(NC)c2nsnc12,6,-2.42,26.52462109558826
CCCCc1c2c(c(OCCC)c3nsnc13)C1CCC2C1,4,-2.43,23.194513990212148
COCCc1ccc2nsnc2c1OC,5,-2.15,40.3484592453637
CCCNc1cccc2nsnc12,2,-2.33,61.15405594363785
CCN(C)c1c(OC)cc(C)c2nsnc12,7,-2.3,31.886483739030755
CN1CCN(C)c2cc3nsnc3cc2C1,5,-2.35,2.504458856274157
CC(C)c1c2c(cc3nsnc13)OCCO2,3,-2.39,21.115651552429156
COc1cc2nsnc2cc1OC,4,-2.44,32.83752018223676
CCCCNc1cc(OCC)cc2nsnc12,4,-2.43,55.19083114287031
CCC(C)OCCc1cccc2nsnc12,3,-2.2,57.88574157493244
CC1CCc2ccc3nsnc3c2[NH+]=C1[O-],2,-2.15,9.45574510789642
CCCC1COc2cc3nsnc3c(CC(C)C)c2O1,4,-2.5,22.454854832344193
CCCCc1c(OC)cc2nsnc2c1C,6,-2.38,35.524873979975304
CCCCOc1ccc(OC)c2nsnc12,4,-2.18,56.07646511247957
CCc1cc2nsnc2c2c1CC(C)C2,4,-2.35,5.79166536363498
CN1CCOCc2ccc3nsnc3c21,4,-2.26,-0.7432133367272331
CCCN1CN(C)c2c1c(OC)c1nsnc1c2C,8,-2.67,5.807370226082535
CCC1Cc2cc3nsnc3c(OC)c2O1,4,-2.32,6.738905864028637
CNc1cc2c(c3nsnc13)CC(C)N2C,5,-2.47,-0.9393430699571825
CCCc1c2c(cc3nsnc13)OCC(C)O2,4,-2.44,-5.481431192015283
CC(C)Nc1cc(C(C)C)cc2nsnc12,4,-2.54,43.32770625657427
CCc1cc2c(c3nsnc13)NC(C)C2,4,-2.36,-11.883076706654965
Cc1cc2nsnc2c2c1OCC2(C)C,4,-2.35,-3.1230350273253094
CCOc1cc(OC(C)C)c2nsnc2c1,4,-2.29,42.56659733915496
CCOCCc1c2c(c(OC)c3nsnc13)C1CCC2CC1,5,-2.3,23.144337293068425
CCCCN1CCc2cc3nsnc3cc21,3,-2.55,36.86225252096388
CCCN1CN(C)c2cc3nsnc3c(NCC)c21,6,-2.67,6.572404070791196
CCc1c2c(c(C)c3nsnc13)OC(C)CO2,6,-2.51,-10.944620555700517
CN1CCNc2c1c1c(c3nsnc23)CCO1,4,-2.5,-20.635544632475387
CCc1cc(OC(C)C)cc2nsnc12,4,-2.36,39.64292794437313
CNc1c2c(c(N(C)CC(C)C)c3nsnc13)C1CCC2C1,5,-2.51,17.20833565676561
CCOc1c(CC)ccc2nsnc12,4,-2.22,37.16663876588772
CCNc1c2c(cc3nsnc13)CCC2,4,-2.42,22.619859777702814
Cc1c2c(cc3nsnc13)CCCC2,4,-2.33,14.508948136388986
COc1c2c(c(C)c3nsnc13)OC(C)CO2,6,-2.36,-10.684530251083153
CC(C)Cc1cc(C(C)C)cc2nsnc12,4,-2.31,41.16926397206218
c1cc2nsnc2c2c1CCC2,2,-2.25,21.39376290280528
CC(C)CN1CCN(C)c2c1cc1nsnc1c2N(C)C,7,-2.6,22.092319689007986
Cc1c2c(cc3nsnc13)C(C)(C)CN2C,5,-2.55,-5.210619337486602
CC1COc2c(ccc3nsnc23)C1,2,-2.34,1.2290697829956527
COc1cc(CC(C)C)cc2nsnc12,4,-2.31,44.031296860201124
CNc1c2c(cc3nsnc13)OC(C)C2C,4,-2.4,0.04139836797393939
CN1CCc2c1c1c(c3nsnc23)CCC1,5,-2.42,6.4392780024938645
CC1Cc2c(c3c(c4nsnc24)CCCC3)O1,4,-2.41,-2.9237709170090644
CCOc1cc(C)c2nsnc2c1OCC,6,-2.21,36.02335324830661
CC(C)Cc1cc(OC(C)C)c2nsnc2c1,4,-2.39,47.21524687870653
CCc1c2c(c(C)c3nsnc13)OC(CC)CO2,6,-2.44,3.192885337513074
CCC/C([O-])=[N+](/C)c1c2c(cc3nsnc13)C1CCC2CC1,3,-2.19,4.597445602918805
CCN(CC)c1cc(OC)cc2nsnc12,5,-2.46,36.93843620921522
COCCc1c(OC)ccc2nsnc12,5,-2.26,45.389775622730305
Cc1c2c(cc3nsnc13)N(C(C)C)CCN2C,6,-2.77,10.52322792075577
CCc1cc(N(C)CC)c(C)c2nsnc12,7,-2.41,26.35330607521879
CN1CCOc2c(ccc3nsnc23)CC1,4,-2.14,17.817354971975238
CCc1c2c(c(N(C)C)c3nsnc13)C1CCC2CC1,5,-2.44,15.069105954586297
C/C([O-])=[NH+]\c1cc2c(c3nsnc13)CCCO2,4,-2.19,5.084973939409077
COc1cc2c(c3nsnc13)[NH+]=C([O-])CC2,4,-2.16,15.612830143408553
CCCCN1CN(C)c2c1cc1nsnc1c2C,6,-2.66,9.614674147216657
CCCC1Oc2c(ccc3nsnc23)OC1C,3,-2.54,2.1410585967163827
COc1cc2c(c3nsnc13)CCOCC2,5,-2.45,8.288970933580186
COc1c2c(c(C)c3nsnc13)CCCO2,6,-2.34,4.914461238288267
CN1CCc2c3c(c4nsnc4c21)OCCO3,4,-2.41,-1.802221608306351
CCCCNc1c2c(c(N(C)C)c3nsnc13)C1CCC2C1,5,-2.52,24.976040825877902
CC(C)Nc1c2c(cc3nsnc13)CCO2,4,-2.43,12.534703810569418
COc1c(OC)c(OC)c2nsnc2c1C,8,-2.24,12.517316968161152
CCCCN1c2cc3nsnc3cc2N(C)C1OC,6,-2.75,12.351239430364465
CC1Cc2cc(N(C)C)c3nsnc3c2O1,5,-2.4,13.136942225658638
CCC1COc2cc3nsnc3c(C)c21,4,-2.33,-1.9240834102522573
CCCNc1c2c(c(OCCC)c3nsnc13)C1CCC2C1,4,-2.47,24.73146725324065
CCc1c(CC(C)C)c(C)cc2nsnc12,6,-2.28,32.317421338812366
CCNc1c(C)cc(NC)c2nsnc12,6,-2.36,27.502871317265924
CCCc1c2c(cc3nsnc13)C(CC)CO2,4,-2.43,-5.819473680194501
CCCOc1c2c(cc3nsnc13)CCC2C,4,-2.28,7.813638972566608
CCc1c(C)cc(OC)c2nsnc12,6,-2.35,28.02598982491164
CC(C)Cc1cc2c(c3nsnc13)OC(C)C2,4,-2.32,16.452658499504274
CCCCOc1cc(CC)c2nsnc2c1,4,-2.33,51.948859644375695
CC1COc2c(c3c(c4nsnc24)CCC3)C1,4,-2.39,-15.547669795008918
COCCNc1c2c(c(C)c3nsnc13)C1CCC2C1,5,-2.42,20.236664310243167
COc1cc2nsnc2c2c1COCC2,5,-2.35,-0.4444254069837008
Cc1c2c(cc3nsnc13)OC(C)CO2,4,-2.37,-19.92526374829833
COc1cc2nsnc2cc1OC(C)C,4,-2.25,42.55324912134719
C/C([O-])=[NH+]\c1cc2c(c3nsnc13)C(C)CC2,4,-2.15,-8.313446611496303
COc1c2c(cc3nsnc13)OCCOC2,5,-2.28,-4.328089811129878
CC/[N+](=C(/C)[O-])c1c2c(cc3nsnc13)C1CCC2C1,3,-2.24,-8.041475324022164
CCN1c2cc3nsnc3cc2CCC1C,3,-2.46,15.537749460520025
CCN(c1ccc2nsnc2c1C)C(C)C,5,-2.34,40.79662334915283
CCCCc1c(OC(C)C)ccc2nsnc12,4,-2.29,55.73762799486517
CCCCc1cc(OC)c(C)c2nsnc12,6,-2.37,37.088622112988624
CCc1c(N(C)C)c(C)cc2nsnc12,7,-2.32,27.55325499398405
CCc1c2c(c(NC(C)C)c3nsnc13)OCCO2,4,-2.3,25.36683173231644
CNc1c(OC)cc(C)c2nsnc12,6,-2.37,28.536831440770655
CCC(C)/[N+](=C(/C)[O-])c1cccc2nsnc12,3,-2.02,39.18400529993464
CCC(C)Oc1ccc2nsnc2c1C,4,-2.2,45.09899301431115
CCC1COc2c(c(OC)c3nsnc3c2OC)O1,6,-2.24,3.224245971943244
CCc1ccc(C(C)CC)c2nsnc12,4,-2.26,34.22480460996764
CCc1cc2nsnc2c2c1OCC(CC)O2,4,-2.38,1.726802787589086
CCNc1cc2c(c3nsnc13)CCCC2,4,-2.26,29.258317205497576
CC1Cc2c3c(c4nsnc4c2C1)OCCO3,3,-2.4,-2.8001553555523087
CNc1c2c(cc3nsnc13)OCCO2,2,-2.41,21.242705958213392
CC/C([O-])=[NH+]\c1c2c(cc3nsnc13)CCO2,4,-2.25,-3.4895179070995916
Cc1c2c(cc3nsnc13)N(C)CN2CCN(C)C,8,-2.64,0.999531318359572
COc1cc2nsnc2c2c1C(C)C(C)O2,4,-2.36,0.8351196019421709
CN(C)CCN1CCN(C)c2cc3nsnc3cc21,6,-2.68,31.40150915734288
CCc1c2c(cc3nsnc13)CCCO2,4,-2.35,6.887600068285819
CN1CCc2c3c(c4nsnc4c21)CCC3,5,-2.42,3.224836336090328
CCCc1c2c(cc3nsnc13)N(C)CCN2CC,6,-2.57,17.422991224231062
Cc1c2c(cc3nsnc13)N(C)CN2C,6,-2.7,-2.9145170326892305
CCCN1CCN(C)c2c1cc1nsnc1c2OC,6,-2.64,17.421814941112014
CCCN(C)c1c2c(c(C)c3nsnc13)OCCO2,6,-2.54,19.23985584259428
CCOc1c(CC)cc(OC)c2nsnc12,6,-2.16,29.753922620990725
CCN1CN(C)c2c1cc1nsnc1c2OC(C)C,6,-2.68,8.747042252279666
CCN1CCN(CCOC)c2c1cc1nsnc1c2OC,7,-2.57,23.513168066069674
CCNc1c2c(c(OC)c3nsnc13)N(C)CN2C,8,-2.68,9.178717452245433
CCc1cc(/[NH+]=C(\C)[O-])c2nsnc2c1,4,-2.11,18.814093163433526
CCC(C)N(C)CCc1c2c(cc3nsnc13)C1CCC2C1,4,-2.65,6.209305083167806
CC/C([O-])=[NH+]\c1cc(C(C)C)cc2nsnc12,4,-2.12,24.63645778538005
CC/C([O-])=[NH+]\c1c2c(cc3nsnc13)CCC2,4,-2.17,8.34428984735144
CCCc1ccc2nsnc2c1OCC,4,-2.22,41.75495000083221
CCN(CC)c1cc(OC)c2nsnc2c1,5,-2.56,37.38558624204304
CCCc1cc(C)c2nsnc2c1C,6,-2.38,27.831910738393965
CCOc1ccc(CC(C)C)c2nsnc12,4,-2.17,44.43129985385353
CCOc1cc2nsnc2c2c1OCC(C)O2,4,-2.51,-6.367984061983257
CCN(CCOC)c1c2c(cc3nsnc13)C1CCC2CC1,4,-2.37,20.29724652714683
COc1c(C)cc2nsnc2c1C(C)C,6,-2.39,27.197649990026253
C1CCc2c(c3c(c4nsnc24)CCC3)OC1,4,-2.31,-0.1542891960107
CC(C)CN(C)CCc1c2c(cc3nsnc13)C1CCC2C1,4,-2.39,7.333758882388945
CCc1cc2nsnc2c(OC)c1OC,6,-2.22,23.131630959961164
COc1cc(C)c2nsnc2c1OC(C)C,6,-2.25,35.539452824811036
CCN1CCCc2cc3nsnc3cc21,3,-2.5,32.323281326705704
CCOCCc1c2c(c(NC)c3nsnc13)C1CCC2C1,5,-2.48,19.767473078549866
CCCN1CCN(C)c2cc3nsnc3c(OC(C)C)c21,6,-2.54,23.029686124264693
Cc1c2c(c(OCCN(C)C)c3nsnc13)C1CCC2C1,6,-2.39,10.821132299438078
CCNc1c2c(c(N(C)C)c3nsnc13)C1CCC2CC1,5,-2.53,18.550026305908457
CCc1c2c(c(C)c3nsnc13)N(C)CN2C(C)C,8,-2.75,8.153524131080465
CCC(C)C1COc2c(cc3nsnc3c2OC)O1,4,-2.41,3.2448493441292476
Cc1c2c(c(OC(C)C)c3nsnc13)OCCO2,4,-2.38,19.03253413812525
COc1cc2nsnc2c2c1N(C)CCC2,5,-2.4,10.609701540861234
COc1c(N(C)C)ccc2nsnc12,5,-2.18,34.98690738241297
CCN(C)c1cc2nsnc2cc1C,5,-2.33,37.07619679154972
C/C([O-])=[NH+]\c1c2c(cc3nsnc13)CC(C)O2,4,-2.2,1.4221359490180803
CCC1COc2c(c(OC)c3nsnc3c2C)O1,6,-2.36,1.7414681791921796
COc1cc2nsnc2c2c1CCO2,4,-2.34,6.552575582998877
CCc1cc2nsnc2c(NC)c1N(C)C,7,-2.37,26.511408867126814
COCCc1c2c(c(C)c3nsnc13)C1CCC2C1,5,-2.5,12.29275025135884
CCc1c2c(cc3nsnc13)N(C)CN2CC,6,-2.81,-1.2770861569709608
CC1Cc2ccc3nsnc3c2N(C)C1,3,-2.37,-0.27028175426694534
CCN1CC(C)c2c1ccc1nsnc21,3,-2.39,8.648598602692845
CNc1cc(CC(C)C)cc2nsnc12,4,-2.41,40.83651604503455
CCCCc1c(C)c(OC)cc2nsnc12,6,-2.44,37.339071687860894
CC(C)Oc1c2c(cc3nsnc13)C1CCC2C1,2,-2.37,-1.8551831032905808
CCOc1c(C)c2c(c3nsnc13)CCO2,6,-2.33,2.5127190818497986
CCCc1c(C)c(NC)c2nsnc2c1C,8,-2.44,20.63767900369437
CCN1CCN(C)c2c1c(C)c1nsnc1c2C,8,-2.55,4.713760640756803
CNc1c2c(cc3nsnc13)CCCO2,4,-2.38,7.160406245955954
CC(C)C1C([O-])=[N+](C)c2c1ccc1nsnc21,3,-2.06,13.462025062769934
COCCOc1c2c(cc3nsnc13)C1CCC2CC1,3,-2.4,17.11686238092804
CCc1c2c(c(/[NH+]=C(\C)[O-])c3nsnc13)C1CCC2C1,4,-2.29,0.5024256125996449
CC/C([O-])=[NH+]\c1c2c(c(C)c3nsnc13)N(C)CCN2C,8,-2.38,0.3232856471794725
CCc1cc2nsnc2c(C)c1N(C)C,7,-2.31,23.273368381134677
CCc1cc2nsnc2c2c1C(C)C(C)O2,4,-2.27,-2.9738069106535163
CCOc1ccc2nsnc2c1C,4,-2.3,41.7746425665219
CN(C)c1cc2c(c3nsnc13)N(C)CC2,6,-2.35,12.10686071027108
CC(C)COc1c2c(cc3nsnc13)CCO2,4,-2.32,13.257697604459093
CCOC1COc2cc3nsnc3c(C)c21,5,-2.35,-5.521416864261468
CCc1c2c(cc3nsnc13)OCC2C,4,-2.39,-3.839739018500052
CCC(C)Oc1cc2c(c3nsnc13)CCC2,4,-2.4,28.403649473698586
CC(C)N1CCN(C)c2ccc3nsnc3c21,3,-2.53,23.542502802581186
Cc1cc2c(c3nsnc13)NCC2,4,-2.35,-3.074838621224005
CCN(c1cc(C)c2nsnc2c1)C(C)C,5,-2.57,39.25033727802151
CNc1cc2c(c3nsnc13)OC(C)C2C,4,-2.27,-2.616211989083359
CCCc1ccc2nsnc2c1N(C)CC,5,-2.28,37.91708755297028
CCCCOc1c2c(c(OCC)c3nsnc13)C1CCC2C1,4,-2.35,20.85210799698535
CCCCOCCc1cccc2nsnc12,3,-2.2,72.90658642809625
CCN(C)c1c(N(C)C)ccc2nsnc12,6,-2.4,36.548295726852935
CCN(C)c1c2c(cc3nsnc13)OCC(C)O2,5,-2.41,-5.296937876407185
CCOc1c2c(c(C)c3nsnc13)N(CC)CCN2C,8,-2.56,10.002083511495012
Cc1ccc2nsnc2c1C(C)C,4,-2.3,34.36704826296492
CCCOc1c(C)cc2nsnc2c1OC,6,-2.22,35.96424247913202
CCOc1c(C)cc2nsnc2c1OC,6,-2.23,30.450703066836258
CCOc1cc2nsnc2c2c1OCC2,4,-2.42,2.6993268942071698
Cc1cc2nsnc2cc1C(C)C,4,-2.27,36.4099949071665
Cc1cc2nsnc2c2c1CCCCO2,4,-2.41,4.746096180796187
CC1CCc2cc(N(C)C)c3nsnc3c21,5,-2.5,2.5880811102586705
CCc1c(OC)c(C)cc2nsnc12,6,-2.3,27.05189966041234
CCC(C)OCCc1c2c(cc3nsnc13)OCCO2,4,-2.32,29.946387708426656
CCC(C)Oc1c2c(cc3nsnc13)OCC2,4,-2.33,13.505868899271386
CCc1cc(C)c2nsnc2c1/[NH+]=C(\C)[O-],6,-2.19,20.412167570194796
CCCCN1CN(C(C)C)c2cc3nsnc3c(C)c21,6,-2.79,16.937428062160734
CCCNc1ccc(OCCC)c2nsnc12,4,-2.36,55.83993865423848
CCCCOc1c2c(cc3nsnc13)N(CC)CN2C,6,-2.81,16.817695960210838
CCNc1cc(OC)c(NC)c2nsnc12,6,-2.46,31.975974884939703
CCCN1CCN(CCC)c2c1cc1nsnc1c2OC,6,-2.72,19.235266717819464
COCC/C([O-])=[NH+]\c1c2c(c(C)c3nsnc13)C1CCC2C1,5,-2.22,2.5840842851084957
CCc1ccc(OC)c2nsnc12,4,-2.3,36.359413239880254
CC(C)CNc1c(C(C)C)ccc2nsnc12,4,-2.15,56.63328864472927
Cc1cc2c(c3nsnc13)[NH+]=C([O-])CC2(C)C,4,-2.14,1.3639937365980697
CCc1cc2nsnc2c2c1CC(C)N2,4,-2.35,-11.039589886146548
CCC(C)/C([O-])=[NH+]\c1c2c(cc3nsnc13)OCCO2,3,-2.19,17.040578992774986
CCC(C)Oc1cc2nsnc2cc1OC,4,-2.43,45.13837673988691
CCc1c(C)cc2nsnc2c1C,6,-2.35,23.11848056928401
CC1CNc2c1c1c(c3nsnc23)CCC1,4,-2.37,-16.221100425585252
Cc1cc2nsnc2c(C)c1N(C)C,7,-2.34,24.064566323413196
COc1cc2nsnc2c2c1OCC2OC,5,-2.35,-12.07510976620705
CCCN(C)c1c2c(c(C(C)C)c3nsnc13)C1CCC2C1,5,-2.53,15.749782961585943
COc1c2c(c(OC)c3nsnc13)CCC2,6,-2.28,18.305965350253977
CC/[N+](=C(/C)[O-])c1c2c(c(NC)c3nsnc13)C1CCC2C1,5,-2.31,7.636900787975016
Cc1cc2nsnc2c2c1OCC(C)C2,4,-2.45,-8.476378907184635
CCCN1CCOc2c1ccc1nsnc21,2,-2.41,28.49081145666148
c1c2c(cc3nsnc13)OCCCC2,2,-2.23,3.3032818292977875
CCCCc1cc(OC(C)C)c2nsnc2c1,4,-2.25,50.00686110483646
CCC1CN(C(C)C)c2cc3nsnc3cc21,3,-2.43,-0.8763590951711382
CC/[N+](=C(/C)[O-])c1c2c(c(C)c3nsnc13)C1CCC2CC1,5,-2.26,8.550455798316985
CCCc1c2c(cc3nsnc13)CC(CC)O2,4,-2.46,9.562356338700377
CCCCc1c2c(cc3nsnc13)OCC2C,4,-2.45,5.897427324589579
CCCOCCNc1c2c(cc3nsnc13)C1CCC2C1,3,-2.47,16.01577132892627
CCC(C)c1c2c(cc3nsnc13)N(CC)CN2CC,6,-2.69,7.089648802510981
COCCN1CCN(C(C)C)c2cc3nsnc3c(C)c21,7,-2.62,26.18170845333129
CCc1c2c(c(OC)c3nsnc13)OCC2,6,-2.38,3.094671355154464
Cc1ccc(CCN(C)C)c2nsnc12,6,-2.26,35.618320158840866
CCOCC/C([O-])=[NH+]\c1cccc2nsnc12,3,-2.03,40.88201239893871
Cc1cc2nsnc2c2c1C(C)CC([O-])=[NH+]2,4,-2.16,2.3532089591349403
CCC(C)Oc1cc(C(C)C)cc2nsnc12,4,-2.22,42.666671357387415
CCc1c2c(cc3nsnc13)C(C)(C)CO2,4,-2.39,-4.375756306753816
C/C([O-])=[N+](/C)c1c2c(cc3nsnc13)C1CCC2CC1,3,-2.19,-1.0746171129423918
CCC(C)c1c2c(c(C(C)C)c3nsnc13)C1CCC2CC1,4,-2.5,13.55090842117019
CCCCc1ccc2nsnc2c1OCCC,4,-2.19,52.03854545669806
CN(C)CCc1c2c(cc3nsnc13)N(C)CN2C,8,-2.67,5.1958079746569705
CCCOc1c2c(c(N(C)C)c3nsnc13)C1CCC2CC1,5,-2.37,21.983855636285387
COc1c2c(c3nsnc3c1C)C(C)CO2,6,-2.37,-14.966540400257744
Cc1c2c(cc3nsnc13)N(C)CC2C,5,-2.56,-6.9587814252226305
Cc1c2c(c(NC(C)C)c3nsnc13)C1CCC2CC1,4,-2.45,16.59170376484461
Cc1cc2nsnc2c2c1N(C)CCC2C,5,-2.43,-3.5332256834664157
CC(C)Cc1cc2c(c3nsnc13)NCC2,4,-2.36,2.362849311453024
CCCc1c2c(cc3nsnc13)N(CC)CCN2C,6,-2.53,13.076253569501933
CCOCCc1c2c(c(CC)c3nsnc13)C1CCC2C1,5,-2.57,18.011467684067807
CCC(C)c1c2c(cc3nsnc13)CCC2C,4,-2.48,2.492469249817379
CCCCc1c2c(c(C)c3nsnc13)OCCO2,4,-2.43,20.722967139610226
C1Cc2c3c(c4nsnc4c2C1)CCCO3,4,-2.43,3.1489218175646694
COc1c(C)c(C)c2nsnc2c1OC,8,-2.27,14.271350532196907
CCc1c(C(C)C)c(OC)cc2nsnc12,6,-2.34,29.7896031770304
Cc1ccc(C(C)C)c2nsnc12,4,-2.32,34.48397927177865
COc1c2c(c(C)c3nsnc13)OC(C)C2,6,-2.39,-3.090649363346402
COC1N(C)c2cc3nsnc3cc2N1C(C)C,6,-2.7,5.35519369188283
CC(C)COc1cc2nsnc2c2c1CCO2,4,-2.39,21.5788419095862
CCc1cc(C)c2nsnc2c1,4,-2.28,28.10370183070437
COCCN(C)c1cc(C)c2nsnc2c1,6,-2.45,44.56497942108217
CCCN1CCN(C)c2cc3nsnc3c(/[NH+]=C(\C)[O-])c21,6,-2.46,10.31018137700283
CCC(C)N1CCN(CC)c2c1c(C)c1nsnc1c2C,8,-2.53,9.702415410907033
CCNc1c2c(c(OC(C)C)c3nsnc13)C1CCC2C1,4,-2.28,15.786555652499814
CC(C)COc1cc2c(c3nsnc13)CCC2,4,-2.35,32.2141688491024
CCCc1ccc2nsnc2c1NC,4,-2.36,42.75966847107558
CCc1c(C)c(OC)c(NC)c2nsnc12,8,-2.4,21.595977730153646
CNc1c2c(c(/[NH+]=C(\C)[O-])c3nsnc13)OCCO2,4,-2.3,9.026507389448836
COc1c(OCC(C)C)ccc2nsnc12,4,-2.15,49.857755570363004
CCOc1c(C)c(CC)c(C)c2nsnc12,8,-2.34,17.87509204376272
CC(C)c1cc2nsnc2c2c1N(C)CCN2,4,-2.27,-4.187849489399328
CCCCC1Oc2cc3nsnc3cc2OC1C,4,-2.19,4.773865623363647
CCc1c(OC)c(NC)c2nsnc2c1C,8,-2.38,21.47819469449934
CNc1c(N(C)C)cc(C)c2nsnc12,7,-2.57,28.485477230763145
CC(C)COCCOc1ccc2nsnc2c1,3,-2.18,90.24152091843382
COC1CN(C)c2cc3nsnc3c(C)c21,6,-2.47,-9.121028777092612
CCc1cc(C(C)C)c(C)c2nsnc12,6,-2.37,25.712185515008287
C/C([O-])=[NH+]\c1c2c(cc3nsnc13)N(C)CCN2C,6,-2.38,0.47997648279497307
COc1c2c(c(C(C)C)c3nsnc13)OCC(C)O2,6,-2.39,-9.278323993821196
CCc1ccc2nsnc2c1OC,4,-2.22,34.7194764462675
CCOc1c2c(cc3nsnc13)OCCO2,4,-2.29,23.69294089280466
CCCc1c(OC)cc(OC)c2nsnc12,6,-2.32,29.022958686894444
Cc1c2c(cc3nsnc13)N(C)CCN2CCOC(C)C,7,-2.57,29.502273033186125
CCCNc1c2c(cc3nsnc13)CCO2,4,-2.39,15.794234266750605
CCCN(c1c2c(cc3nsnc13)C1CCC2C1)C(C)C,3,-2.52,3.9448718571269343
CCCOCCN1CN(C)c2cc3nsnc3cc21,5,-2.69,20.93017433151723
CCN1CCN(C)c2cc3nsnc3c(NCC(C)C)c21,6,-2.57,30.146922058591922
CNc1c2c(c(N(C)C(C)C)c3nsnc13)C1CCC2C1,5,-2.55,13.74619515082133
CCC/C([O-])=[NH+]\c1ccc(OC)c2nsnc12,4,-2.17,25.53459884749793
CC(C)Nc1c(N(C)C)ccc2nsnc12,5,-2.35,52.889824575124635
CC1COc2c3c(c4nsnc4c2C1)CCC3,4,-2.38,-10.123574036765898
CC(C)COc1c2c(c(C(C)C)c3nsnc13)C1CCC2C1,4,-2.43,18.625916781250634
CC(C)/C([O-])=[N+](/C)c1cccc2nsnc12,3,-2.2,39.80311107468302
CCN1CN(CC(C)C)c2c1cc1nsnc1c2OC,6,-2.75,12.681245044469371
CCC(C)N1CN(C)c2c1cc1nsnc1c2OC,6,-2.79,9.408763662321874
CCNc1c2c(cc3nsnc13)CCO2,4,-2.44,8.001035011954635
Cc1cc2nsnc2c2c1OC(C)C(C)O2,5,-2.43,1.9574404157046708
C[N+]1=C([O-])CCCc2ccc3nsnc3c21,3,-2.08,23.92293645359764
CCCNc1cc(OCC)cc2nsnc12,4,-2.48,49.47170073081471
CCOc1c2c(c3nsnc3c1C)OCC2,6,-2.28,6.501721877947761
CCCNc1c2c(c(CC(C)C)c3nsnc13)C1CCC2C1,4,-2.64,26.476653256422605
CCCc1cc(OC)c2nsnc2c1NC,6,-2.36,31.672321665903194
CCOCCN(C)c1c2c(cc3nsnc13)C1CCC2C1,4,-2.33,16.657482088552452
CCCc1cc(NC)c2nsnc2c1C,6,-2.43,21.954650292777256
COCCc1c2c(cc3nsnc13)N(C)CN2C,7,-2.69,10.443639552818533
COc1c2c(cc3nsnc13)C(C)CO2,4,-2.31,-19.067009721377346
Cc1c2c(c(C)c3nsnc13)CCC2,6,-2.42,11.977287896214763
CNc1c(C)c2c(c3nsnc13)OCC2,6,-2.35,4.092330575879968
CCN(c1c2c(c(NC)c3nsnc13)C1CCC2C1)C(C)C,5,-2.52,16.227513315634337
CCc1c(OC(C)C)ccc2nsnc12,4,-2.3,46.000461651775545
CCNc1c2c(c(OC(C)CC)c3nsnc13)C1CCC2C1,4,-2.47,16.92864752568745
CCC1COc2cc3nsnc3c(OC)c2O1,5,-2.29,6.120314952732972
COc1c2c(c(C)c3nsnc13)C1CCC2C1,4,-2.41,0.45513989811647093
CC(C)c1cc2c(c3nsnc13)CCC2,4,-2.34,19.689901182097998
CCCN(c1c2c(cc3nsnc13)C1CCC2C1)C(C)CC,3,-2.46,3.3447833196072807
CC(C)Cc1cc(OC(C)C)cc2nsnc12,4,-2.37,45.30794438126691
COC1N(C)c2cc3nsnc3cc2N1C,6,-2.69,4.6686604963284655
CCC(C)N1CCN(CCOC)c2cc3nsnc3cc21,5,-2.73,37.04990774761774
CCCc1cc2nsnc2c2c1OCCN2,3,-2.4,-10.01245028724021
CCCCN1CCN(C)c2c1cc1nsnc1c2CC,6,-2.59,22.90409206792352
CCC(C)C1Oc2cc3nsnc3cc2OC1CC,4,-2.32,-2.554587096112936
CCCCNc1c2c(c(C)c3nsnc13)N(C)CCN2C,8,-2.53,22.185318192088257
COc1c2c(c(CC(C)C)c3nsnc13)C1CCC2CC1,4,-2.39,18.96340400656913
CCCCC1COc2cc3nsnc3c(NC)c2O1,5,-2.42,21.13262284596158
COCCOc1ccc2nsnc2c1C,5,-2.26,54.30579171825272
CCNc1c2c(cc3nsnc13)C(C)CCO2,4,-2.39,-3.7735315720079905
CCc1c(C)c(C)c2nsnc2c1OC,8,-2.34,20.531293165889196
CCCN(C)c1ccc2nsnc2c1CC,5,-2.35,44.79860233173093
CCNc1cccc2nsnc12,2,-2.33,53.17944437422499
CC1CCc2c(c3c(c4nsnc24)OCC3)O1,4,-2.37,-17.423809422010276
CN(C)c1cc2nsnc2c2c1OCCO2,4,-2.44,19.031631707846383
Cc1cc2c(c3nsnc13)OCC2C,4,-2.26,-13.441895266543268
CC1COc2c(C(C)C)cc3nsnc3c2O1,4,-2.34,-8.398848502718682
CCc1cc2c(c3nsnc13)N(CC)CCO2,4,-2.4,12.533301533919103
CC1CCOc2c3c(c4nsnc4c21)NCC3,4,-2.47,-32.93742431051052
CCCN(CC)c1cccc2nsnc12,3,-2.19,51.73321061222315
CCc1c2c(c(OC)c3nsnc13)C1CCC2CC1,4,-2.38,11.601744013028949
Cc1c2c(c(C)c3nsnc13)N(C)CCO2,6,-2.44,-2.5731048030449633
CCCCOC1N(C)c2cc3nsnc3cc2N1C,6,-2.7,19.069776275357302
COCCc1cc2nsnc2cc1N(C)C,6,-2.3,38.91243945291209
CCCCOc1ccc2nsnc2c1C,4,-2.28,57.93815262696689
C1Cc2c3c(c4nsnc4c2C1)NCC3,4,-2.39,-8.496976588045822
CCCN(CC)c1c2c(c(OC)c3nsnc13)C1CCC2C1,5,-2.5,14.040365898294713
COc1cc(N(C)C)c2nsnc2c1,5,-2.36,34.11504221062021
CCCNc1c2c(c(NC)c3nsnc13)C1CCC2CC1,4,-2.49,18.101445871603676
CC(C)N1CCN(C)c2c1cc1nsnc1c2N(C)C,7,-2.59,14.817987471752831
CCOc1cc2nsnc2c(OCC)c1C,6,-2.37,28.822835959827056
CCOc1cc(C)c2nsnc2c1CC,6,-2.35,30.09418819458766
CCCCOc1c2c(cc3nsnc13)N(C)CCN2CC,6,-2.59,28.665073698450435
CCN(CC(C)C)c1cccc2nsnc12,3,-2.31,59.91002875601624
CNc1cc2c(c3nsnc13)OCCN2C,4,-2.49,10.264129190300814
CCCc1c2c(cc3nsnc13)N(C)CN2C(C)C,6,-2.78,9.716527832898967
CCc1cc2nsnc2c2c1OCCC2,4,-2.39,8.75593269808234
CC(C)N(C)CCc1cccc2nsnc12,4,-2.23,61.938447567719436
COc1c2c(cc3nsnc13)N(C(C)C)CN2C,6,-2.69,8.796946617320364
CCOc1c(C)cc2nsnc2c1OCC,6,-2.24,27.221393060207223
CNc1c2c(c(/[NH+]=C(/[O-])C(C)C)c3nsnc13)C1CCC2C1,4,-2.35,2.4169794092601564
CCCNc1c(CC)ccc2nsnc12,4,-2.36,54.4733469240512
Cc1c(N(C)C)ccc2nsnc12,5,-2.29,32.837749606185405
CC1COc2c(c3c(c4nsnc24)OCC3)O1,4,-2.31,-25.94218839422221
COc1cc2nsnc2c2c1C(C)CO2,4,-2.33,-7.18609166605002
COCCOc1c2c(c(OC)c3nsnc13)C1CCC2C1,5,-2.32,18.870438728946887
COc1cc2c(c3nsnc13)C(C)CCO2,4,-2.41,-2.738392056550138
CC(C)Oc1c(C(C)C)ccc2nsnc12,4,-2.25,40.503802684026056
CC(C)c1c2c(c(N(C)C)c3nsnc13)C1CCC2CC1,5,-2.44,15.214856284200213
COc1c2c(c(C)c3nsnc13)CC(C)C2,6,-2.36,6.1051933757242
CCCCN1CCN(C)c2cc3nsnc3cc21,4,-2.7,37.83183262147162
Cc1cc(N(C)C)c(N(C)C)c2nsnc12,8,-2.39,27.277878645241422
c1c2c(cc3nsnc13)OCCC2,2,-2.27,17.30382099058064
CCCOc1cc2nsnc2c2c1OCC2,4,-2.29,12.374947305909526
CCCCN1CCN(CCOC)c2cc3nsnc3cc21,5,-2.69,41.048669271218394
CCN1CCNc2c1cc(C)c1nsnc21,4,-2.5,4.524924558007832
COc1c(C(C)C)cc2nsnc2c1OC,6,-2.22,27.037885599737
CCOc1cc(CC)c2nsnc2c1OC,6,-2.23,37.316311588214525
CCN1CCN(CC)c2c1c(C)c1nsnc1c2OC,8,-2.5,10.872454692159902
COc1c(OC(C)C)cc2nsnc2c1C,6,-2.28,27.042200311080165
CC(C)N1c2cc3nsnc3cc2CCC1C,3,-2.48,10.643822902456728
CCCCc1c2c(cc3nsnc13)CCC2C,4,-2.37,9.719760575273282
CCc1c2c(cc3nsnc13)C1CCC2C1,2,-2.43,-6.628519261780109
CCCc1c2c(c(C(C)C)c3nsnc13)C1CCC2C1,4,-2.51,12.67443525977599
CC(C)COc1cc2nsnc2c2c1CCN2,4,-2.43,10.553365483229163
CCOc1c(C)c(C)c(NC)c2nsnc12,8,-2.38,21.51416102849813
CCOc1c2c(cc3nsnc13)N(C)CN2C,6,-2.65,4.447669914469003
CCC(C)c1c2c(cc3nsnc13)N(CC)CN2C,6,-2.68,4.81360090785933
CCOc1c2c(c(OCC)c3nsnc13)OCCO2,4,-2.28,17.96414640130956
CC1CCc2c3c(c4nsnc4c21)C(C)CO3,4,-2.37,-24.876150348666236
CC1COc2c(ccc3nsnc23)O1,2,-2.27,-6.981422666696378
CCCCC1Oc2cc3nsnc3cc2OC1CC,4,-2.31,3.908875718025611
CC(C)Oc1cc2nsnc2cc1N(C)C,5,-2.32,39.310388988118085
CCCOc1c(OCC)ccc2nsnc12,4,-2.16,48.12027086919205
CCCc1c2c(cc3nsnc13)N(C(C)C)CN2C,6,-2.78,13.405431805755175
CN1CC(C)(C)c2ccc3nsnc3c21,3,-2.33,0.9367366468594143
COc1cc2nsnc2c(C(C)C)c1OC,6,-2.4,28.311259492655555
CCN(CC)c1cc(C)cc2nsnc12,5,-2.28,34.691498872808964
CC(C)N1CCCc2c1ccc1nsnc21,3,-2.42,32.82759220087513
CCCc1c2c(c(CCOCC)c3nsnc13)C1CCC2C1,5,-2.5,19.731912800579337
CCCCc1cc(C(C)C)cc2nsnc12,4,-2.3,44.96697203243119
Cc1c2c(cc3nsnc13)OCCOC2,5,-2.25,-6.40825615815289
CCCc1c2c(cc3nsnc13)CC(C)O2,4,-2.41,11.43348503469497
Cc1cc2nsnc2c(C)c1N(C)C(C)C,7,-2.32,29.510826692091435
CC1Oc2c(c3c(c4nsnc24)CCO3)C1C,4,-2.33,-18.406864023390543
CCc1c(C)c2c(c3nsnc13)OCC2,6,-2.33,5.282830280790268
CCCN(C)c1cccc2nsnc12,3,-2.31,51.719829235973094
COCCOc1cc2nsnc2cc1C,5,-2.36,54.13602609276896
CCCCN(c1cccc2nsnc12)C(C)C,3,-2.26,58.415828452852246
COc1c2c(c3nsnc3c1C)N(C)CC2,7,-2.38,5.416720958046259
CC(C)Cc1c2c(cc3nsnc13)OCC2C,4,-2.4,3.5219209750401266
CC1Cc2cc3nsnc3cc2N(C)C1,3,-2.47,3.085895669984297
CCCCc1ccc(OC(C)C)c2nsnc12,4,-2.23,47.12420012708231
CCC(C)c1c2c(cc3nsnc13)N(C)CN2CC,6,-2.79,1.3478433708612971
CCN1CN(C)c2c1cc1nsnc1c2N(C)C,7,-2.78,4.610081271367523
CCN(C)CCOc1ccc2nsnc2c1,4,-2.28,68.56884414631945
Cc1c2c(cc3nsnc13)COCC2,5,-2.25,-7.058021730986219
Cc1c(C)c(C)c2nsnc2c1C,8,-2.44,13.411302511948712
CCc1cc2c(c3nsnc13)N(C)C(C)C2,5,-2.38,0.10588578598654652
CN(C)c1c2c(cc3nsnc13)OCCO2,3,-2.38,21.606276400392623
CCNc1c2c(c(CC)c3nsnc13)N(C)CN2C,8,-2.55,8.615225820952775
CCC(C)Oc1cc(OC)c2nsnc2c1,4,-2.38,44.54802920142201
CCCOc1c2c(cc3nsnc13)C1CCC2CC1,2,-2.42,11.508065285053096
CCCNc1c2c(c(C(C)C)c3nsnc13)C1CCC2C1,4,-2.56,20.561612759929726
CCCN1CCN(CCC)c2cc3nsnc3cc21,4,-2.71,25.046788993185917
CN(C)c1c2c(cc3nsnc13)C1CCC2CC1,3,-2.37,2.9270984765961585
CCC1Oc2cc3nsnc3c(OC)c2OC1C,6,-2.3,-9.643404989451819
CCCNc1c2c(cc3nsnc13)CC(C)C2,4,-2.43,18.754689841853676
COc1cc2nsnc2c(C)c1C(C)C,6,-2.42,26.8243688687084
CNc1cc2c(c3nsnc13)N(C)CCO2,4,-2.46,4.864430612412013
COC1N(C(C)C)c2cc3nsnc3cc2N1C(C)C,6,-2.65,9.236447754351893
CCOc1c2c(cc3nsnc13)C(C)(C)CO2,4,-2.32,-2.4637204135928203
CCNc1c2c(cc3nsnc13)C(C)CC2,4,-2.42,1.8071663486305012
Cc1c2c(cc3nsnc13)OCCN(C)C2,6,-2.25,6.551125130841079
CNc1cc2c(c3nsnc13)OCC(C)O2,4,-2.41,-16.241205723410218
CCN(C)CCNc1cccc2nsnc12,4,-2.34,54.44498052950597
CCN1CCN(C)c2c1c(C(C)C)c1nsnc1c2C,8,-2.59,8.922214603959123
CCCOc1ccc2nsnc2c1,2,-2.2,68.24744464136178
CCCOc1ccc(C(C)CC)c2nsnc12,4,-2.32,45.90568966501055
CCOc1cc(NC)c2nsnc2c1OC,6,-2.39,36.3052931456314
Cc1cc2nsnc2c2c1CCCO2,4,-2.35,8.742455817197241
CCN(CC)c1ccc2nsnc2c1C,5,-2.31,36.75976022025407
Cc1c2c(cc3nsnc13)CC(C)O2,4,-2.4,3.2895390552641564
CCN(CC)c1ccc2nsnc2c1OC,5,-2.32,39.88974869175704
CCOc1c(CC)cc2nsnc2c1C,6,-2.29,21.377697137303848
CCCNc1c2c(c(OCC)c3nsnc13)C1CCC2C1,4,-2.45,20.032037985956066
CC(C)CN1CCN(C)c2cc3nsnc3cc21,4,-2.7,33.90550172838994
CCCN1CN(C)c2cc3nsnc3c(N(C)C)c21,7,-2.76,4.4550528363330635
COc1c2c(cc3nsnc13)OC(C)C(C)O2,6,-2.3,-4.739276932744216
CNc1c2c(cc3nsnc13)C(C)(C)CO2,4,-2.42,-3.4098015062579985
CCC(C)c1c2c(c(C)c3nsnc13)C1CCC2CC1,4,-2.52,11.202044142739926
CC(C)COc1c2c(cc3nsnc13)N(C)CN2C,6,-2.65,14.228192147320758
CCOCCN(C)c1cccc2nsnc12,4,-2.32,69.11892078857231
CN(C)CCc1c2c(cc3nsnc13)N(C)CCN2C,8,-2.66,12.878085705493843
Cc1cc2nsnc2c2c1CCC2,4,-2.34,19.687032916946873
CCOc1c2c(cc3nsnc13)N(C)CCN2C(C)CC,6,-2.6,17.327477035654983
CCCOc1cc2nsnc2cc1CCC,4,-2.39,50.78764597560673
CCC(C)N(CC)c1ccc2nsnc2c1,3,-2.43,52.96157668253207
CCc1c2c(cc3nsnc13)C(C)CC2,4,-2.37,-4.811040645645144
CC1COc2c1c(N(C)C)cc1nsnc21,5,-2.35,-5.411469911088158
CCN1CCOc2cc(C)c3nsnc3c21,4,-2.43,13.956501375901627
CCC(C)c1cc2c(c3nsnc13)CC(C)C2,4,-2.34,11.994503946990914
CNc1c(C)c(C(C)C)cc2nsnc12,6,-2.34,25.065341570997884
CCCOc1cc(CC)c2nsnc2c1,4,-2.36,41.94238432330296
COCCN(C)c1c2c(cc3nsnc13)C1CCC2C1,4,-2.39,6.912605928808253
CCCN1CCOc2ccc3nsnc3c21,2,-2.38,21.39964597054013
CCCOc1c(OC)c(C)cc2nsnc12,6,-2.24,33.479328618006996
Cc1c2c(c(C)c3nsnc13)OC(CC(C)C)CO2,6,-2.44,7.846190990624228
CCOc1c2c(cc3nsnc13)N(CC(C)C)CN2C,6,-2.75,14.19538439538308
CCc1c2c(cc3nsnc13)OC(C(C)C)CO2,4,-2.38,5.824492643985376
Cc1c2c(cc3nsnc13)N(C)C(C)C2,5,-2.56,-5.7955687753076255
CCOc1cc(C)c(OCC)c2nsnc12,6,-2.37,25.772043726084544
COc1cc2c(c3nsnc13)C(C)(C)CO2,4,-2.36,-2.520878379421308
COc1cc2nsnc2c2c1C(C)CN2,4,-2.42,-12.606503769154903
CCNc1c2c(c(NC)c3nsnc13)OCCO2,4,-2.47,15.01952366047764
CCC1Cc2c3c(c4nsnc4c2N1)CCC3,4,-2.39,-12.82345303096684
CCCCN1CCN(C(C)C)c2cc3nsnc3c(C)c21,6,-2.62,24.64150645092254
CCc1c2c(c(NCC(C)C)c3nsnc13)C1CCC2CC1,4,-2.49,27.70072822909466
CCCCc1c2c(c(NCC)c3nsnc13)C1CCC2C1,4,-2.52,20.574794804846405
COc1c(C)c(C)cc2nsnc12,6,-2.28,23.69857560401118
COCCOc1cc2nsnc2cc1OC,5,-2.3,57.56755395327933
CCc1cc(OCC(C)C)c2nsnc2c1,4,-2.32,43.22816519771045
COc1cc(N(C)C)c2nsnc2c1OC,7,-2.34,31.34610024074462
CCc1c2c(cc3nsnc13)COCCO2,5,-2.22,-0.3623767055324998
CCOc1cc(CCOC)c2nsnc2c1,5,-2.34,43.11107573959325
CCNc1c2c(cc3nsnc13)COCC2,5,-2.32,4.520131423014117
CCOc1c2c(c(N(CC)CC)c3nsnc13)C1CCC2C1,5,-2.5,12.663767490410098
CC1CCc2c3c(c4nsnc4c2O1)CCO3,4,-2.4,-16.597132291116512
CC(C)c1c2c(cc3nsnc13)OC(C(C)C)CO2,5,-2.4,5.5132327867066095
CC(C)c1ccc2nsnc2c1,2,-2.22,52.93867662797751
CCc1c2c(c3nsnc3c1C)OCC2,6,-2.32,3.0856013766589014
CCNc1cc2c(c3nsnc13)N(C)CCO2,4,-2.47,11.026500994507167
c1c2c(cc3nsnc13)OCCOCCC2,3,-2.21,7.161261953722915
CCc1cc(C)c2nsnc2c1N(C)CC,7,-2.33,29.451586801678904
CCCCc1c(C)ccc2nsnc12,4,-2.27,45.65929956541111
CCc1c(C)c(OC)c2nsnc2c1C,8,-2.33,16.81422696979387
CCCN1CCN(C(C)CC)c2cc3nsnc3cc21,4,-2.73,28.692086483769
CCOc1c2c(c(OCC)c3nsnc13)C1CCC2C1,4,-2.35,6.4802494600125975
CCc1c(OC)c(N(C)C)cc2nsnc12,7,-2.4,27.8241463415064
CCCCc1ccc2nsnc2c1CC,4,-2.28,40.21750183470074
Cc1c(N(C)C)c(N(C)C)cc2nsnc12,8,-2.47,23.3946733105011
CCOCCNc1c2c(c(OC)c3nsnc13)C1CCC2C1,5,-2.43,23.22963592055465
Cc1c2c(c(OCC(C)C)c3nsnc13)C1CCC2C1,4,-2.42,14.467859164351509
COc1c(C)c2c(c3nsnc13)CC(C)O2,6,-2.33,-2.5798237395887327
CCCOc1ccc(OC(C)C)c2nsnc12,4,-2.24,48.18728722289614
CCC(C)Nc1c2c(cc3nsnc13)OCCO2,2,-2.36,34.132432112170775
CC/C([O-])=[N+](\c1c2c(cc3nsnc13)C1CCC2C1)C(C)C,3,-2.26,-4.844837093277244
CCN1CN(CC(C)C)c2c1cc1nsnc1c2C,6,-2.75,9.55125513069442
CCCCc1c2c(c(CC)c3nsnc13)OCCO2,4,-2.45,22.245776629845544
COC1CN(C)c2c1ccc1nsnc21,4,-2.28,-6.561233934529763
COc1c(C)cc(C)c2nsnc12,6,-2.37,23.4140078446351
CCc1cc(NC)c2nsnc2c1OC,6,-2.36,19.637460210879297
CCCc1cc2nsnc2cc1OC(C)C,4,-2.35,51.885120471072675
CCCCc1c2c(c(NC)c3nsnc13)OCCO2,5,-2.48,25.61122570583715
CCCN1CCN(C)c2cc3nsnc3c(NC(C)C)c21,6,-2.67,28.715077135839913
CNc1cc(N(C)C)c(OC)c2nsnc12,7,-2.41,26.0890927815274
CCNc1c2c(cc3nsnc13)C1CCC2CC1,2,-2.43,7.522633047643037
CC1CCc2c1c1c(c3nsnc23)NCC1C,4,-2.37,-26.87699429733399
CCC(C)Nc1cccc2nsnc12,2,-2.35,64.65320975943266
CCc1c2c(c(N(CC)CC)c3nsnc13)C1CCC2C1,5,-2.52,11.262557221006773
CCOc1cc2nsnc2cc1C(C)C,4,-2.36,47.18190450489793
COc1cc(OC(C)C)c(C)c2nsnc12,6,-2.32,30.191195145120137
CN1CCOc2c3c(c4nsnc4c21)CCO3,4,-2.47,-16.179739050130262
CNc1c2c(cc3nsnc13)CC(C)N2C,5,-2.57,-0.924564845783167
Cc1c2c(cc3nsnc13)N(C)CCN2C,6,-2.56,4.76776069814764
CCOc1cc2c(c3nsnc13)OC(CC)C2,4,-2.2,11.460156374243914
CCNc1c2c(c(C(C)CC)c3nsnc13)C1CCC2CC1,4,-2.44,18.753545942400258
CCCN(CC)c1ccc2nsnc2c1C,5,-2.32,41.61686955468312
CCc1c2c(c(CC)c3nsnc13)OCC2,6,-2.47,2.3935986017684896
CCN(C)c1c(C(C)C)ccc2nsnc12,5,-2.28,39.35344558362573
CCCc1c(C)cc2nsnc2c1OCC,6,-2.28,32.31834575617075
CCOc1cc(CC)c(C)c2nsnc12,6,-2.23,25.134021798609595
CC1CCOc2cc3nsnc3cc21,2,-2.27,-8.292447680915014
CCN1CCc2cc3nsnc3c(C)c21,5,-2.55,7.598328335336795
COc1cc2c(c3nsnc13)N(C)CCC2,5,-2.4,19.117662513020683
CC1Cc2c(c3c(c4nsnc24)OCCC3)O1,4,-2.4,-9.063337632501701
CCC1CN(C)c2ccc3nsnc3c21,3,-2.35,4.658198447466893
CC(C)c1cc2nsnc2c2c1CCO2,4,-2.27,8.744897392455965
CCN(c1c2c(cc3nsnc13)C1CCC2CC1)C(C)C,3,-2.42,10.85467701008741
CCCN1CCN(C)c2cc3nsnc3cc21,4,-2.7,31.786063863367463
CCCOCCc1c2c(cc3nsnc13)C1CCC2CC1,3,-2.39,15.361873247687864
COc1cc(N(C)C(C)C)cc2nsnc12,5,-2.47,38.2196753028023
CCC1Oc2ccc3nsnc3c2OC1C,3,-2.28,0.4581282508144744
CCc1c2c(cc3nsnc13)N(C)CCO2,4,-2.55,11.417671769155012
CC1CN(C(C)C)c2cc3nsnc3cc21,3,-2.53,6.63585107651362
CCCc1cc(OC)c(NC)c2nsnc12,6,-2.38,31.896372835237603
CCc1cc2nsnc2c(N(C)C)c1OC,7,-2.33,23.22529292640871
CCCc1cc2nsnc2c2c1OCC2,4,-2.32,10.43408263403071
CCC(C)Oc1cc(OC)cc2nsnc12,4,-2.29,42.935121168584246
CCC(C)c1ccc(C(C)C)c2nsnc12,4,-2.36,32.76544244692052
Cc1c2c(c3nsnc3c1C)OCC2C,6,-2.32,-16.328708730602024
CCc1cc(C)c2nsnc2c1NC,6,-2.39,28.554138026542883
CN(C)c1c2c(cc3nsnc13)CCO2,5,-2.4,4.504115614109423
COc1cc(C)c2nsnc2c1N(C)C,7,-2.27,30.337722182959002
Cc1ccc(N(C)CC(C)C)c2nsnc12,5,-2.41,43.52288399715201
c1c2c(cc3nsnc13)C1CCC2CC1,4,-2.33,4.537882467142591
CCCOCCN(C)c1c2c(cc3nsnc13)C1CCC2C1,4,-2.44,14.127838820730146
CCC(C)c1c2c(cc3nsnc13)OC(C)CO2,4,-2.4,-10.866621061170825
CCN1CCN(C)c2c1cc1nsnc1c2/[NH+]=C(\C)[O-],6,-2.39,2.835028965702572
CCOc1cc2nsnc2c(OC)c1OC,6,-2.3,35.222550400673676
CCCNc1c2c(c(CCC)c3nsnc13)C1CCC2CC1,4,-2.49,26.49464763031719
CN(C)c1cc2nsnc2c2c1CCCN2,5,-2.45,4.170203285204286
CNc1c(N(C)C(C)C)ccc2nsnc12,5,-2.32,49.26410283891778
CCc1c2c(cc3nsnc13)N(C)C(C)C2,5,-2.56,-0.4789491139286697
CCOc1c2c(c(CCOC)c3nsnc13)C1CCC2CC1,5,-2.37,22.978375274296557
COCCN1CCN(C)c2c1cc1nsnc1c2C(C)C,7,-2.57,26.66276407071539
CCC(C)Nc1c2c(cc3nsnc13)CCC2,4,-2.32,30.550482360706056
CCN(CC)c1c2c(c(C)c3nsnc13)OCCO2,6,-2.47,16.683415145392097
CCN1CCN(CC)c2c1cc1nsnc1c2OC(C)C,6,-2.6,19.342063631091687
CC1CCc2ccc3nsnc3c21,2,-2.27,4.44599369111811
CCc1ccc(NC)c2nsnc12,4,-2.38,28.78949726689979
CCCOc1c(CC)c(C)cc2nsnc12,6,-2.28,34.44494306250212
CC(C)OCCNc1c2c(cc3nsnc13)OCCO2,4,-2.39,40.80566846719987
Cc1cc2nsnc2c2c1OCC2C,4,-2.34,-14.517981956464892
CNc1c2c(cc3nsnc13)CCCN2C,5,-2.43,14.649079363819336
CCCc1c2c(c(OC)c3nsnc13)C1CCC2CC1,4,-2.39,14.988686118993344
CC1COc2c(cc(C(C)C)c3nsnc23)O1,4,-2.34,-11.409316897613971
COc1c(C)c2c(c3nsnc13)CCN2C,7,-2.37,5.704404472774177
CC(C)Cc1c2c(c(N(C)C)c3nsnc13)C1CCC2C1,5,-2.48,17.139777995315242
CCN1CN(C)c2c1cc1nsnc1c2CC(C)C,6,-2.77,10.03449691989694
CCCc1c(C)c(CC)cc2nsnc12,6,-2.36,22.292981793077647
CCNc1c2c(c(N(C)C)c3nsnc13)OCCO2,5,-2.47,23.261303349578395
COCCN1CCN(C)c2c1cc1nsnc1c2C,7,-2.55,22.165480744856126
CC(C)CN1CCN(C)c2cc3nsnc3c(N(C)C)c21,7,-2.6,27.048805607594986
COc1c2c(cc3nsnc13)N(C)C(OC)N2C,8,-2.58,-1.1646184612653288
COc1cc2nsnc2cc1C(C)C,4,-2.35,39.21995176781595
CCCc1cc2c(c3nsnc13)NCCO2,3,-2.4,-8.955105283135035
CCNc1c(C)c(N(C)C)cc2nsnc12,7,-2.39,30.61921624145339
CCCN1CN(C)c2c1c(C)c1nsnc1c2OC,8,-2.66,5.807370226082535
C1Cc2c(c3c(c4nsnc24)OCC3)O1,4,-2.31,-4.249521631471005
CC1COc2c(c3c(c4nsnc24)CCO3)O1,4,-2.4,-28.234763535806184
COc1c2c(c(NCC(C)C)c3nsnc13)C1CCC2CC1,4,-2.4,26.170610632548083
COc1c2c(c(OC)c3nsnc13)C1CCC2C1,4,-2.33,2.2480524266293114
CCOc1c2c(c(OC)c3nsnc13)OC(C)CO2,6,-2.28,-7.316234905770141
Cc1ccc(OCC(C)C)c2nsnc12,4,-2.3,46.980116889192644
CNc1c(C)cc(N(C)C)c2nsnc12,7,-2.37,28.641495806553703
CCOc1c(OCC(C)C)ccc2nsnc12,4,-2.16,49.642948255053966
CCOc1ccc2nsnc2c1CC(C)C,4,-2.3,53.01150863516903
CCc1c(OC)c(OC)cc2nsnc12,6,-2.39,27.472360540215952
CCc1c2c(cc3nsnc13)N(C)CC2,5,-2.56,10.40088018340977
CNc1cc(OC)c(C(C)C)c2nsnc12,6,-2.49,27.710690914464454
COc1c(C(C)C)cc(C)c2nsnc12,6,-2.16,32.05641104808318
CCC(C)N1CCc2ccc3nsnc3c21,3,-2.4,23.29793386418407
CCc1c2c(c(OC)c3nsnc13)CCO2,6,-2.39,6.6210563985378545
CCC(C)c1c2c(cc3nsnc13)C1CCC2C1,2,-2.46,-4.382979254122514
CCCNc1c(C)c(OC)cc2nsnc12,6,-2.46,39.933865725365834
CN1CCNc2c1ccc1nsnc21,2,-2.41,3.8084953006237203
CCOc1c2c(c(NC)c3nsnc13)N(C)CCN2C,8,-2.51,13.56454771833735
CNc1c(OC)c(C)c(OC)c2nsnc12,8,-2.33,17.41549106091094
CCc1c(C)cc2nsnc2c1N(C)C,7,-2.32,28.34215959063393
CCCOc1cc(CC)cc2nsnc12,4,-2.24,38.657963961730175
CCCN1CCN(C)c2c1c(NC)c1nsnc1c2C,8,-2.47,9.733547188458662
COc1cc2c(c3nsnc13)CCCO2,4,-2.39,14.219892464010362
Cc1ccc2nsnc2c1OCC(C)C,4,-2.32,48.75875410916056
Cc1cc2c(c3nsnc13)CC(C)CO2,4,-2.38,-1.6349174551457748
CCCCOCCc1c2c(cc3nsnc13)C1CCC2C1,3,-2.43,19.16057731529448
C1Cc2c3c(c4nsnc4c2N1)OCCO3,3,-2.38,-13.637364660027725
CCCC1COc2cc(C)c3nsnc3c2O1,4,-2.33,17.239830590532453
COc1cc2nsnc2c2c1CCOC2,5,-2.33,3.755298420436154
CCCc1c2c(cc3nsnc13)N(CC(C)C)CN2C,6,-2.83,14.571672550434602
COc1cc(N(C)C(C)C)c2nsnc2c1,5,-2.41,41.23486158156557
COc1c(C)cc(NC(C)C)c2nsnc12,6,-2.36,35.75386525370123
CC1Oc2cc3nsnc3cc2C1C,2,-2.33,-1.4451924013586592
Cc1cc2nsnc2c2c1OCC2,4,-2.33,0.9263021848311255
CCCc1c2c(cc3nsnc13)OC(C)C2,4,-2.41,2.1042544630552014
CCC1Cc2cc3nsnc3cc2CCO1,3,-2.23,12.437257389593608
CCN(C)c1c(OC)c(C)cc2nsnc12,7,-2.38,29.23703639406149
CCCOc1c2c(cc3nsnc13)OCC2C,4,-2.33,4.684454344708591
CCOCCc1c2c(cc3nsnc13)N(C)CCN2C,7,-2.53,21.223207168377172
CCOc1cc(C(C)CC)c2nsnc2c1,4,-2.3,39.663753872579434
CC(C)Cc1c2c(c(N(C)C)c3nsnc13)C1CCC2CC1,5,-2.49,22.430765948126474
CCOc1ccc2nsnc2c1NC(C)C,4,-2.36,56.37774964411122
CCN(C)c1cc(C(C)C)c2nsnc2c1,5,-2.49,32.74703842541934
CCCCc1c2c(c(CC)c3nsnc13)N(C)CCN2C,8,-2.53,18.535054716032054
CCCc1c2c(cc3nsnc13)N(CC)CN2C,6,-2.77,5.575613485991468
CC(C)Cc1c(C(C)C)ccc2nsnc12,4,-2.32,42.686659968700724
CCC(C)Nc1cc(C)c(C)c2nsnc12,6,-2.44,40.92913585564668
COCCc1cccc2nsnc12,3,-2.2,54.45013267991104
CCN1c2cc3nsnc3cc2CC1C,3,-2.53,11.664898287092777
CCC(C)c1c2c(c(NC)c3nsnc13)C1CCC2CC1,4,-2.49,15.579477085209184
CCc1c2c(cc3nsnc13)CCO2,4,-2.4,2.769125263330359
Cc1cc2c(c3nsnc13)CCCCN2C,5,-2.4,18.322356929716147
CCCc1cc2nsnc2cc1CCOC,5,-2.28,32.012918108293334
CCOc1c2c(c(C)c3nsnc13)OCC(CC)O2,6,-2.37,4.188630498812394
COc1c2c(c(CCN(C)C)c3nsnc13)C1CCC2CC1,6,-2.36,15.36053602412979
CCc1cc2c(c3nsnc13)OCCC2,4,-2.35,7.785390327349678
CNc1cc2c(c3nsnc13)OC(C)C2,4,-2.34,5.905554268455245
CCOc1cc(NC)c2nsnc2c1C,6,-2.46,30.76118160750716
CCc1cc(OC(C)CC)c2nsnc2c1,4,-2.27,38.93348027597694
CCCc1c2c(c(CCC)c3nsnc13)C1CCC2C1,4,-2.5,8.465981296573668
COc1c2c(cc3nsnc13)CCN2C,5,-2.45,5.389451780496618
CCCCOc1cc2nsnc2cc1OCC,4,-2.32,62.287007800536266
CCc1c2c(c(N(C)CCOC)c3nsnc13)C1CCC2C1,6,-2.48,21.381998847352655
CCCCN1CCN(C)c2c1c(C)c1nsnc1c2CC,8,-2.59,17.38940292975538
CC(C)OCCc1c2c(cc3nsnc13)OCCO2,3,-2.36,30.53669518319857
CC(C)N1CCCc2cc3nsnc3cc21,3,-2.47,29.52579720009687
COc1c2c(c(OC)c3nsnc13)OCCO2,4,-2.26,13.731949367926275
CCNc1c2c(cc3nsnc13)C(CC)CO2,4,-2.42,-3.2813559724369554
CCCN(CC)c1ccc2nsnc2c1,3,-2.19,60.77180631019204
CN(C)c1cc2c(c3nsnc13)OCC2,5,-2.31,7.8595245602584285
CCNc1c2c(c(C)c3nsnc13)N(C)CCN2C,8,-2.5,9.77516709648188
CCc1c2c(cc3nsnc13)N(C)CCN2CC,6,-2.57,14.036049118266664
CNc1cc(N(C)C)c(C)c2nsnc12,7,-2.46,24.345401555675807
CCCOc1c2c(c(C)c3nsnc13)C1CCC2CC1,4,-2.31,15.491864296606758
CCCc1cc(C)c(CCC)c2nsnc12,6,-2.37,28.40541651485687
Cc1c2c(c(CC(C)C)c3nsnc13)C1CCC2CC1,4,-2.46,15.938774608447845
CCOc1c(OC)c(C)c(C)c2nsnc12,8,-2.28,18.96026019636251
CNc1c(C)c(OC)c(C)c2nsnc12,8,-2.4,17.127808988461236
CNc1c2c(c(C(C)C)c3nsnc13)OCCO2,4,-2.5,17.811574930660786
CCCc1c(C)cc(OC)c2nsnc12,6,-2.35,32.10608055370172
COc1cc2nsnc2c(OC(C)C)c1C,6,-2.38,32.95338443838719
CN(C)c1cc2c(c3nsnc13)CCC2,5,-2.39,20.791950372461336
CCc1c2c(cc3nsnc13)N(C(C)C)CCN2C,6,-2.55,14.181612294175443
Cc1cc2c(c3nsnc13)CCCO2,4,-2.38,14.29778184557142
CCC(C)Oc1cccc2nsnc12,2,-2.16,54.30273314648107
CCC1COc2cc(OC)c3nsnc3c21,4,-2.35,0.8281988478065802
CCOc1c2c(c(CC)c3nsnc13)OC(C)CO2,6,-2.37,-4.578985000315248
CCC(C)Oc1c(C)c(C)cc2nsnc12,6,-2.31,32.99997095209648
COc1cc2nsnc2c2c1OCCC2,4,-2.48,9.973449803285568
CCC(C)Nc1c2c(cc3nsnc13)N(CC)CCN2C,6,-2.64,22.85184379516506
CCOc1cc2nsnc2c(C)c1OCC,6,-2.39,31.821961131989774
CN(C)c1cc2nsnc2c2c1CCN2C,6,-2.45,10.289632816770034
CCN(CC)c1cc(NC)c2nsnc2c1,5,-2.6,32.17035951705691
Cc1cc(OC(C)C)c2nsnc2c1C,6,-2.28,30.389770856645416
COC1COc2c(C)cc3nsnc3c21,5,-2.27,-14.65839199884049
CCOc1c2c(c(N(C)C(C)C)c3nsnc13)C1CCC2C1,5,-2.44,16.625588639856634
COc1c2c(cc3nsnc13)OC(C)CC2,4,-2.28,-1.7136194996037386
CCc1c2c(cc3nsnc13)N(C(C)C)CCN2CC,6,-2.61,16.81003136423159
CCN1CCc2c1ccc1nsnc21,3,-2.33,21.999031064098588
CCCCOc1ccc(OCC)c2nsnc12,4,-2.23,53.675380025241495
CCC(C)c1cc(C)c(NC)c2nsnc12,6,-2.4,32.673434796258405
COCCOc1cccc2nsnc12,3,-2.22,65.42824236529172
CCOc1cc2c(c3nsnc13)NC(CC)C2,4,-2.28,-8.210063344263379
Cc1c(N(C)C)cc2nsnc2c1N(C)C,8,-2.42,23.3946733105011
COc1cc(N(C)C)c2nsnc2c1C,7,-2.41,29.17304697183933
CCOc1cc(NC)c2nsnc2c1NC,6,-2.45,31.08092619641369
CCN(C)c1c2c(c(N(C)CC)c3nsnc13)C1CCC2C1,6,-2.57,7.264175924258412
CCc1c2c(c(N(C)CC)c3nsnc13)C1CCC2CC1,5,-2.45,14.832832796894978
CCC1Cc2c(C(C)C)cc3nsnc3c2N1,4,-2.35,-5.8470265783464015
CCCOc1c2c(cc3nsnc13)N(CC)CCN2C,6,-2.51,18.21350482674617
CCCN1CN(C)c2cc3nsnc3c(OC(C)C)c21,6,-2.66,9.285162440070891
CCOc1c(OC)cc(OC)c2nsnc12,6,-2.24,28.32507227176026
CCCc1cccc2nsnc12,2,-2.22,51.57983374104685
CNc1cc(OCCOC)cc2nsnc12,5,-2.45,49.51733944988654
CC1COc2cc3nsnc3c(N(C)C)c2O1,6,-2.38,-6.845699432478936
CCCc1cc(C)c2nsnc2c1NC,6,-2.32,29.842416189332845
CCC(C)N1CCN(C)c2c1c(C)c1nsnc1c2C,8,-2.58,7.073996340850885
CCc1c2c(c(OC)c3nsnc13)OCCO2,4,-2.35,16.002887763215334
CCc1cc(OC)c2nsnc2c1,4,-2.31,32.35233936807017
CCOc1cc2c(c3nsnc13)OCCN2C,4,-2.33,13.808565751073852
CCCCc1cc(OC)c2nsnc2c1,4,-2.31,44.97960221151501
COc1c2c(cc3nsnc13)OCCN2C,4,-2.38,5.003515450969602
CCNc1cc(N(C)C)c(C)c2nsnc12,7,-2.46,31.200620560596644
CCOc1c2c(cc3nsnc13)N(C)CN2CC(C)C,6,-2.77,11.199629045352566
CCc1ccc(N(CC)CC)c2nsnc12,5,-2.44,35.08301139920154
CCCN1CC(C)Cc2cc3nsnc3cc21,3,-2.49,14.14804872459788
CNc1c2c(cc3nsnc13)N(C)C(OC)N2C,8,-2.72,1.4662095507620017
CCCN(C)c1c(C)cc(C)c2nsnc12,7,-2.34,31.12757505405515
CCCOc1c(C)cc(OC)c2nsnc12,6,-2.28,36.5565213240018
CCCN(C)c1ccc(OC)c2nsnc12,5,-2.34,42.42204279726292
CCc1c2c(c(C)c3nsnc13)N(CC)CCN2C,8,-2.49,6.991429560582137
CCc1c(OC)ccc2nsnc12,4,-2.27,37.519630785354686
CCc1cc2nsnc2c2c1OCC(C)O2,4,-2.34,-12.410703105624515
c1cc2nsnc2c2c1CCCO2,2,-2.29,15.465426275110188
Cc1c2c(c(C)c3nsnc13)OC(C(C)C)CO2,6,-2.45,0.9940440589445583
CC(C)COc1c2c(cc3nsnc13)OCCO2,3,-2.29,33.473463125656416
CCC1COc2cc3nsnc3cc21,2,-2.32,-4.483719989299618
CC1Cc2c3c(c4nsnc4c2C1)OCCC3,4,-2.39,-3.737286001110289
CCCc1cc(OC(C)C)c2nsnc2c1,4,-2.23,42.10454156608483
CNc1c2c(c(N(C)C(C)C)c3nsnc13)C1CCC2CC1,5,-2.46,18.344034480806872
CNc1c(CCOC)ccc2nsnc12,5,-2.33,45.62996740993975
CCCNc1cc2c(c3nsnc13)OCC2,4,-2.34,16.151115800214416
CCCC1Oc2cc3nsnc3cc2OC1C(C)CC,4,-2.33,-0.33661910956710117
CC(C)c1c2c(cc3nsnc13)N(C)CCN2C(C)C,6,-2.65,15.178779453952917
CCCCOc1c2c(cc3nsnc13)C1CCC2CC1,2,-2.33,17.612896502028224
CCC1Cc2c(cc3nsnc3c2C)N1C,5,-2.65,0.3601165852967474
CCCN(c1ccc2nsnc2c1)C(C)C,3,-2.42,57.10126715078616
CCC(C)c1cc(OC)c(C)c2nsnc12,6,-2.37,33.45498023998023
CCOc1c2c(cc3nsnc13)OC(CC)C2,4,-2.35,10.332374024047855
Cc1cc(OCC(C)C)c2nsnc2c1C,6,-2.27,37.53920696039762
CCCN1CCN(C)c2c1ccc1nsnc21,3,-2.44,23.700077703227045
CCN1CCOc2cc3nsnc3cc21,2,-2.51,22.957647593361376
CCC1Cc2c(ccc3nsnc23)O1,2,-2.25,11.267234128429735
CCC/C([O-])=[NH+]\c1c2c(cc3nsnc13)C1CCC2CC1,2,-2.18,-1.3696798195437485
C/C([O-])=[NH+]\c1c2c(cc3nsnc13)C1CCC2C1,2,-2.22,-15.267836473378136
[O-]C1=[NH+]c2c(ccc3nsnc23)CC1,2,-2.09,18.237669066732902
CCCCC1COc2c(ccc3nsnc23)O1,2,-2.27,20.065010015035103
CC1Oc2ccc3nsnc3c2C1C,2,-2.26,1.6427759831608728
CCCc1c2c(cc3nsnc13)C1CCC2CC1,2,-2.4,6.370814027808851
CC(C)CC1COc2c(ccc3nsnc23)O1,2,-2.27,17.349254369092222
CC1(C)COc2ccc3nsnc3c21,2,-2.26,6.257261710925501
CCCC1COc2cc3nsnc3cc2O1,2,-2.29,15.171934131258492
CCC(C)c1c2c(cc3nsnc13)OCCO2,2,-2.39,23.594830750647493
Cc1cccc2nsnc12,2,-2.21,39.93448291729921
CCCCc1ccc2nsnc2c1,2,-2.22,65.05674935443726
CC/C([O-])=[NH+]\c1c2c(cc3nsnc13)C1CCC2C1,2,-2.23,-13.98577760541173
CCN1CCOc2ccc3nsnc3c21,2,-2.35,18.271231213969006
CC1COc2c1ccc1nsnc21,2,-2.21,-7.640753793912872
CC1COc2cc3nsnc3cc21,2,-2.32,-13.228369502562266
CCC1COc2cc3nsnc3cc2O1,2,-2.29,7.506028290438547
CCC(C)Oc1ccc2nsnc2c1,2,-2.29,65.13530104011782
[O-]C1=[NH+]c2c(ccc3nsnc23)CCC1,2,-2.11,21.478354861107924
CCc1c2c(cc3nsnc13)OCCO2,2,-2.36,18.48498736169021
CCC1Cc2ccc3nsnc3c2[NH+]=C1[O-],2,-2.1,10.873843006570322
CC1COc2ccc3nsnc3c2C1,2,-2.31,2.0979634981971715
CCCC/C([O-])=[NH+]\c1cccc2nsnc12,2,-2.04,35.690994911754686
CCCCNc1cccc2nsnc12,2,-2.34,66.36235784738558
CCC(C)N1CCOc2c1ccc1nsnc21,2,-2.41,26.61612591348387
CC/C([O-])=[NH+]\c1cccc2nsnc12,2,-2.05,28.976855523320108
c1c2c(cc3nsnc13)OCC2,2,-2.33,12.986733246400535
CNc1cccc2nsnc12,2,-2.34,46.1811086603014
c1cc2nsnc2c2c1OCCO2,1,-2.26,25.987599166270282
CCC1Cc2cc3nsnc3cc2O1,2,-2.34,16.96290718562372
Cc1c2c(cc3nsnc13)C1CCC2C1,2,-2.43,-11.38552025067968
CC(C)N1CCOc2cc3nsnc3cc21,2,-2.49,20.628853505057855
c1cc2nsnc2c2c1CCN2,2,-2.3,2.046296747259431
CC(C)N1CCOc2c1ccc1nsnc21,2,-2.39,24.435599198140388
c1cc2nsnc2c2c1OCCCC2,2,-2.3,11.889112323204595
CC(C)Cc1c2c(cc3nsnc13)C1CCC2CC1,2,-2.4,10.345531915384633
CC(C)COc1cccc2nsnc12,2,-2.26,61.26275498425726
CC(C)C1COc2c(ccc3nsnc23)O1,2,-2.27,13.318181229295222
CCOc1c2c(cc3nsnc13)C1CCC2CC1,2,-2.42,5.994525872757331
CC(C)CNc1c2c(cc3nsnc13)C1CCC2CC1,2,-2.43,18.610579315840017
CC1CCOc2ccc3nsnc3c21,2,-2.32,-0.9667914440539553
CC(C)/C([O-])=[NH+]\c1c2c(cc3nsnc13)OCCO2,2,-2.15,15.030172404684016
CC1CCc2cc3nsnc3cc21,2,-2.3,-5.25373109472442
COc1cccc2nsnc12,2,-2.24,45.85173749047096
CCc1ccc2nsnc2c1,2,-2.22,54.347119501444055
CC(C)Nc1c2c(cc3nsnc13)C1CCC2C1,2,-2.48,2.4439106626332587
CCC(C)Oc1c2c(cc3nsnc13)C1CCC2C1,2,-2.38,1.0719434836601225
CCC1CNc2c1ccc1nsnc21,2,-2.31,-9.567523792341584
CCOc1cccc2nsnc12,2,-2.24,54.596435870580926
CC(C)/C([O-])=[NH+]\c1c2c(cc3nsnc13)C1CCC2C1,2,-2.22,-11.875099457085643
c1cc2nsnc2c2c1CCCCO2,2,-2.22,8.93589456544706
CC1COc2ccc3nsnc3c2O1,2,-2.27,-1.0930158617919188
CCC(C)/C([O-])=[NH+]\c1cccc2nsnc12,2,-2.01,33.097940259737165
C1COc2c(c3c(c4nsnc24)OCCO3)O1,2,-2.39,4.903430660720069
c1cc2nsnc2c2c1CCO2,2,-2.21,13.94969740567713
CCCCN1CCOc2ccc3nsnc3c21,2,-2.38,28.66920458314224
CC1CNc2c(ccc3nsnc23)C1,2,-2.37,-15.55981457383086
CCc1c2c(cc3nsnc13)C1CCC2CC1,2,-2.45,2.983871921844455
c1cc2nsnc2c2c1CCCC2,2,-2.3,34.22159932436967
c1c2c(cc3nsnc13)CCCC2,2,-2.25,26.171459180165524
CC(C)Cc1c2c(cc3nsnc13)OCCO2,2,-2.37,25.84664735523038
CCCC1COc2c(ccc3nsnc23)O1,2,-2.27,15.19379224487705
CC(C)/C([O-])=[NH+]\c1c2c(cc3nsnc13)C1CCC2CC1,2,-2.2,-2.262708273461079
CC1CCC([O-])=[NH+]c2c1ccc1nsnc21,2,-2.11,6.676015083484441
CCC(C)C1COc2cc3nsnc3cc2O1,2,-2.3,9.165543308048404
CCC1CC([O-])=[NH+]c2c1ccc1nsnc21,2,-2.09,5.956873156793799
CC1CCc2c1ccc1nsnc21,2,-2.25,0.6314622074874283
CN1CCOc2cc3nsnc3cc21,2,-2.48,24.257879660862525
CCCCNc1c2c(cc3nsnc13)C1CCC2CC1,2,-2.43,19.239635520423736
CC1COc2cc3nsnc3cc2C1,2,-2.27,-2.429793425449838
CC(C)COc1ccc2nsnc2c1,2,-2.2,71.95171089612344
CC(C)CC1COc2cc3nsnc3cc2O1,2,-2.3,17.327381832604072
CCC(C)Oc1c2c(cc3nsnc13)OCCO2,2,-2.32,28.76213920750667
CCCC/C([O-])=[NH+]\c1c2c(cc3nsnc13)OCCO2,2,-2.16,20.3267822676182
CC1Cc2cc3nsnc3cc2O1,2,-2.34,23.86933764639009
CC(C)Oc1cccc2nsnc12,2,-2.16,50.96381641813269
CC1(C)CNc2c1ccc1nsnc21,2,-2.3,-11.037965256948542
CC1CCc2c(ccc3nsnc23)O1,2,-2.31,3.054700170049733
CCC1COc2c1ccc1nsnc21,2,-2.21,1.3815130329307694
CCOc1c2c(cc3nsnc13)C1CCC2C1,2,-2.36,-3.617865310867234
CC(C)C/C([O-])=[NH+]\c1c2c(cc3nsnc13)OCCO2,2,-2.16,20.30012527143505
CCC(C)c1c2c(cc3nsnc13)C1CCC2CC1,2,-2.43,5.6088014496767125
CC(C)Oc1c2c(cc3nsnc13)C1CCC2CC1,2,-2.34,7.757208080333987
CC(C)c1c2c(cc3nsnc13)C1CCC2CC1,2,-2.42,3.129622251458375
C/C([O-])=[NH+]\c1c2c(cc3nsnc13)C1CCC2CC1,2,-2.19,-5.655445289753569
c1cc2nsnc2c2c1CCCCN2,2,-2.29,0.8873278514311407
CC1CCc2ccc3nsnc3c2O1,2,-2.31,2.4407455388145607
CCCC/C([O-])=[NH+]\c1c2c(cc3nsnc13)C1CCC2C1,2,-2.23,-7.271638216977153
CN1CCOc2ccc3nsnc3c21,2,-2.34,10.810189368631065
CC(C)C/C([O-])=[NH+]\c1cccc2nsnc12,2,-2.03,35.66433791557155
CCC(C)C1COc2ccc3nsnc3c2O1,2,-2.27,11.758429235277676
C1COc2c3c(c4nsnc4c2N1)OCCO3,2,-2.44,-20.825987500080746
CCC1Cc2ccc3nsnc3c2O1,2,-2.22,16.329183712221287
CCCCC1COc2ccc3nsnc3c2O1,2,-2.27,27.248875416555844
CCC(C)Nc1c2c(cc3nsnc13)C1CCC2CC1,2,-2.44,15.453255630646293
CCCCc1c2c(cc3nsnc13)C1CCC2CC1,2,-2.45,12.721038264934084
CC1CC([O-])=[NH+]c2c(ccc3nsnc23)C1,2,-2.11,13.537679604225115
COc1ccc2nsnc2c1,2,-2.19,53.04222423422041
c1ccc2nsnc2c1,0,-2.14,30.64013319172032
C/C([O-])=[NH+]\c1cccc2nsnc12,2,-2.03,27.694796655353695
